Year,AnnÈe,ISO,Jurisdiction,Juridiction,Cause,Origine,Number,Data Qualifier,Nombre,Qualificatifs de donnÈes
1990,1990,AB,Alberta,Alberta,Human activity,ActivitÈs humaines,379,a,379,a
1990,1990,AB,Alberta,Alberta,Lightning,Foudre,971,a,971,a
1990,1990,AB,Alberta,Alberta,Unspecified,IndÈterminÈe,16,a,16,a
1990,1990,BC,British Columbia,Colombie-Britannique,Human activity,ActivitÈs humaines,1240,a,1240,a
1990,1990,BC,British Columbia,Colombie-Britannique,Lightning,Foudre,2015,a,2015,a
1990,1990,MB,Manitoba,Manitoba,Human activity,ActivitÈs humaines,283,a,283,a
1990,1990,MB,Manitoba,Manitoba,Lightning,Foudre,279,a,279,a
1990,1990,NB,New Brunswick,Nouveau-Brunswick,Human activity,ActivitÈs humaines,318,a,318,a
1990,1990,NB,New Brunswick,Nouveau-Brunswick,Lightning,Foudre,29,a,29,a
1990,1990,NB,New Brunswick,Nouveau-Brunswick,Unspecified,IndÈterminÈe,30,a,30,a
1990,1990,NL,Newfoundland and Labrador,Terre-Neuve-et-Labrador,Human activity,ActivitÈs humaines,154,a,154,a
1990,1990,NL,Newfoundland and Labrador,Terre-Neuve-et-Labrador,Lightning,Foudre,11,a,11,a
1990,1990,NS,Nova Scotia,Nouvelle-Ecosse,Human activity,ActivitÈs humaines,441,a,441,a
1990,1990,NS,Nova Scotia,Nouvelle-Ecosse,Lightning,Foudre,8,a,8,a
1990,1990,NS,Nova Scotia,Nouvelle-Ecosse,Unspecified,IndÈterminÈe,48,a,48,a
1990,1990,NT,Northwest Territories,Territoires du Nord-Ouest,Human activity,ActivitÈs humaines,40,a,40,a
1990,1990,NT,Northwest Territories,Territoires du Nord-Ouest,Lightning,Foudre,194,a,194,a
1990,1990,NT,Northwest Territories,Territoires du Nord-Ouest,Unspecified,IndÈterminÈe,2,a,2,a
1990,1990,ON,Ontario,Ontario,Human activity,ActivitÈs humaines,940,a,940,a
1990,1990,ON,Ontario,Ontario,Lightning,Foudre,645,a,645,a
1990,1990,ON,Ontario,Ontario,Unspecified,IndÈterminÈe,27,a,27,a
1990,1990,PE,Prince Edward Island,Œle-du-Prince-…douard,Human activity,ActivitÈs humaines,30,a,30,a
1990,1990,PE,Prince Edward Island,Œle-du-Prince-…douard,Lightning,Foudre,0,a,0,a
1990,1990,PE,Prince Edward Island,Œle-du-Prince-…douard,Unspecified,IndÈterminÈe,8,a,8,a
1990,1990,QC,Quebec,QuÈbec,Human activity,ActivitÈs humaines,595,a,595,a
1990,1990,QC,Quebec,QuÈbec,Lightning,Foudre,256,a,256,a
1990,1990,SK,Saskatchewan,Saskatchewan,Human activity,ActivitÈs humaines,434,a,434,a
1990,1990,SK,Saskatchewan,Saskatchewan,Lightning,Foudre,463,a,463,a
1990,1990,YT,Yukon,Yukon,Human activity,ActivitÈs humaines,81,a,81,a
1990,1990,YT,Yukon,Yukon,Lightning,Foudre,73,a,73,a
1991,1991,AB,Alberta,Alberta,Human activity,ActivitÈs humaines,433,a,433,a
1991,1991,AB,Alberta,Alberta,Lightning,Foudre,484,a,484,a
1991,1991,AB,Alberta,Alberta,Unspecified,IndÈterminÈe,27,a,27,a
1991,1991,BC,British Columbia,Colombie-Britannique,Human activity,ActivitÈs humaines,1253,a,1253,a
1991,1991,BC,British Columbia,Colombie-Britannique,Lightning,Foudre,761,a,761,a
1991,1991,MB,Manitoba,Manitoba,Human activity,ActivitÈs humaines,205,a,205,a
1991,1991,MB,Manitoba,Manitoba,Lightning,Foudre,467,a,467,a
1991,1991,NB,New Brunswick,Nouveau-Brunswick,Human activity,ActivitÈs humaines,498,a,498,a
1991,1991,NB,New Brunswick,Nouveau-Brunswick,Lightning,Foudre,86,a,86,a
1991,1991,NB,New Brunswick,Nouveau-Brunswick,Unspecified,IndÈterminÈe,72,a,72,a
1991,1991,NL,Newfoundland and Labrador,Terre-Neuve-et-Labrador,Human activity,ActivitÈs humaines,92,a,92,a
1991,1991,NL,Newfoundland and Labrador,Terre-Neuve-et-Labrador,Lightning,Foudre,23,a,23,a
1991,1991,NS,Nova Scotia,Nouvelle-Ecosse,Human activity,ActivitÈs humaines,636,a,636,a
1991,1991,NS,Nova Scotia,Nouvelle-Ecosse,Lightning,Foudre,40,a,40,a
1991,1991,NS,Nova Scotia,Nouvelle-Ecosse,Unspecified,IndÈterminÈe,50,a,50,a
1991,1991,NT,Northwest Territories,Territoires du Nord-Ouest,Human activity,ActivitÈs humaines,43,a,43,a
1991,1991,NT,Northwest Territories,Territoires du Nord-Ouest,Lightning,Foudre,283,a,283,a
1991,1991,NT,Northwest Territories,Territoires du Nord-Ouest,Unspecified,IndÈterminÈe,5,a,5,a
1991,1991,ON,Ontario,Ontario,Human activity,ActivitÈs humaines,1265,a,1265,a
1991,1991,ON,Ontario,Ontario,Lightning,Foudre,1259,a,1259,a
1991,1991,ON,Ontario,Ontario,Unspecified,IndÈterminÈe,36,a,36,a
1991,1991,PE,Prince Edward Island,Œle-du-Prince-…douard,Human activity,ActivitÈs humaines,26,a,26,a
1991,1991,PE,Prince Edward Island,Œle-du-Prince-…douard,Lightning,Foudre,0,a,0,a
1991,1991,PE,Prince Edward Island,Œle-du-Prince-…douard,Unspecified,IndÈterminÈe,22,a,22,a
1991,1991,QC,Quebec,QuÈbec,Human activity,ActivitÈs humaines,737,a,737,a
1991,1991,QC,Quebec,QuÈbec,Lightning,Foudre,479,a,479,a
1991,1991,SK,Saskatchewan,Saskatchewan,Human activity,ActivitÈs humaines,493,a,493,a
1991,1991,SK,Saskatchewan,Saskatchewan,Lightning,Foudre,269,a,269,a
1991,1991,YT,Yukon,Yukon,Human activity,ActivitÈs humaines,62,a,62,a
1991,1991,YT,Yukon,Yukon,Lightning,Foudre,125,a,125,a
1992,1992,AB,Alberta,Alberta,Human activity,ActivitÈs humaines,398,a,398,a
1992,1992,AB,Alberta,Alberta,Lightning,Foudre,631,a,631,a
1992,1992,AB,Alberta,Alberta,Unspecified,IndÈterminÈe,32,a,32,a
1992,1992,BC,British Columbia,Colombie-Britannique,Human activity,ActivitÈs humaines,1461,a,1461,a
1992,1992,BC,British Columbia,Colombie-Britannique,Lightning,Foudre,2344,a,2344,a
1992,1992,MB,Manitoba,Manitoba,Human activity,ActivitÈs humaines,103,a,103,a
1992,1992,MB,Manitoba,Manitoba,Lightning,Foudre,195,a,195,a
1992,1992,NB,New Brunswick,Nouveau-Brunswick,Human activity,ActivitÈs humaines,500,a,500,a
1992,1992,NB,New Brunswick,Nouveau-Brunswick,Lightning,Foudre,22,a,22,a
1992,1992,NB,New Brunswick,Nouveau-Brunswick,Unspecified,IndÈterminÈe,54,a,54,a
1992,1992,NL,Newfoundland and Labrador,Terre-Neuve-et-Labrador,Human activity,ActivitÈs humaines,99,a,99,a
1992,1992,NL,Newfoundland and Labrador,Terre-Neuve-et-Labrador,Lightning,Foudre,7,a,7,a
1992,1992,NS,Nova Scotia,Nouvelle-Ecosse,Human activity,ActivitÈs humaines,265,a,265,a
1992,1992,NS,Nova Scotia,Nouvelle-Ecosse,Lightning,Foudre,2,a,2,a
1992,1992,NS,Nova Scotia,Nouvelle-Ecosse,Unspecified,IndÈterminÈe,29,a,29,a
1992,1992,NT,Northwest Territories,Territoires du Nord-Ouest,Human activity,ActivitÈs humaines,73,a,73,a
1992,1992,NT,Northwest Territories,Territoires du Nord-Ouest,Lightning,Foudre,199,a,199,a
1992,1992,NT,Northwest Territories,Territoires du Nord-Ouest,Unspecified,IndÈterminÈe,13,a,13,a
1992,1992,ON,Ontario,Ontario,Human activity,ActivitÈs humaines,675,a,675,a
1992,1992,ON,Ontario,Ontario,Lightning,Foudre,262,a,262,a
1992,1992,ON,Ontario,Ontario,Unspecified,IndÈterminÈe,23,a,23,a
1992,1992,PE,Prince Edward Island,Œle-du-Prince-…douard,Human activity,ActivitÈs humaines,24,a,24,a
1992,1992,PE,Prince Edward Island,Œle-du-Prince-…douard,Lightning,Foudre,0,a,0,a
1992,1992,PE,Prince Edward Island,Œle-du-Prince-…douard,Unspecified,IndÈterminÈe,3,a,3,a
1992,1992,QC,Quebec,QuÈbec,Human activity,ActivitÈs humaines,648,a,648,a
1992,1992,QC,Quebec,QuÈbec,Lightning,Foudre,117,a,117,a
1992,1992,SK,Saskatchewan,Saskatchewan,Human activity,ActivitÈs humaines,471,a,471,a
1992,1992,SK,Saskatchewan,Saskatchewan,Lightning,Foudre,228,a,228,a
1992,1992,YT,Yukon,Yukon,Human activity,ActivitÈs humaines,48,a,48,a
1992,1992,YT,Yukon,Yukon,Lightning,Foudre,68,a,68,a
1993,1993,AB,Alberta,Alberta,Human activity,ActivitÈs humaines,306,a,306,a
1993,1993,AB,Alberta,Alberta,Lightning,Foudre,547,a,547,a
1993,1993,AB,Alberta,Alberta,Unspecified,IndÈterminÈe,23,a,23,a
1993,1993,BC,British Columbia,Colombie-Britannique,Human activity,ActivitÈs humaines,886,a,886,a
1993,1993,BC,British Columbia,Colombie-Britannique,Lightning,Foudre,611,a,611,a
1993,1993,MB,Manitoba,Manitoba,Human activity,ActivitÈs humaines,102,a,102,a
1993,1993,MB,Manitoba,Manitoba,Lightning,Foudre,137,a,137,a
1993,1993,NB,New Brunswick,Nouveau-Brunswick,Human activity,ActivitÈs humaines,349,a,349,a
1993,1993,NB,New Brunswick,Nouveau-Brunswick,Lightning,Foudre,31,a,31,a
1993,1993,NB,New Brunswick,Nouveau-Brunswick,Unspecified,IndÈterminÈe,50,a,50,a
1993,1993,NL,Newfoundland and Labrador,Terre-Neuve-et-Labrador,Human activity,ActivitÈs humaines,53,a,53,a
1993,1993,NL,Newfoundland and Labrador,Terre-Neuve-et-Labrador,Lightning,Foudre,12,a,12,a
1993,1993,NS,Nova Scotia,Nouvelle-Ecosse,Human activity,ActivitÈs humaines,288,a,288,a
1993,1993,NS,Nova Scotia,Nouvelle-Ecosse,Lightning,Foudre,3,a,3,a
1993,1993,NS,Nova Scotia,Nouvelle-Ecosse,Unspecified,IndÈterminÈe,11,a,11,a
1993,1993,NT,Northwest Territories,Territoires du Nord-Ouest,Human activity,ActivitÈs humaines,67,a,67,a
1993,1993,NT,Northwest Territories,Territoires du Nord-Ouest,Prescribed burn,Br˚lage dirigÈ,2,a,2,a
1993,1993,NT,Northwest Territories,Territoires du Nord-Ouest,Lightning,Foudre,398,a,398,a
1993,1993,NT,Northwest Territories,Territoires du Nord-Ouest,Unspecified,IndÈterminÈe,6,a,6,a
1993,1993,ON,Ontario,Ontario,Human activity,ActivitÈs humaines,562,a,562,a
1993,1993,ON,Ontario,Ontario,Lightning,Foudre,163,a,163,a
1993,1993,ON,Ontario,Ontario,Unspecified,IndÈterminÈe,17,a,17,a
1993,1993,PE,Prince Edward Island,Œle-du-Prince-…douard,Human activity,ActivitÈs humaines,23,a,23,a
1993,1993,PE,Prince Edward Island,Œle-du-Prince-…douard,Lightning,Foudre,0,a,0,a
1993,1993,PE,Prince Edward Island,Œle-du-Prince-…douard,Unspecified,IndÈterminÈe,6,a,6,a
1993,1993,QC,Quebec,QuÈbec,Human activity,ActivitÈs humaines,432,a,432,a
1993,1993,QC,Quebec,QuÈbec,Lightning,Foudre,111,a,111,a
1993,1993,SK,Saskatchewan,Saskatchewan,Human activity,ActivitÈs humaines,462,a,462,a
1993,1993,SK,Saskatchewan,Saskatchewan,Lightning,Foudre,183,a,183,a
1993,1993,YT,Yukon,Yukon,Human activity,ActivitÈs humaines,59,a,59,a
1993,1993,YT,Yukon,Yukon,Lightning,Foudre,77,a,77,a
1994,1994,AB,Alberta,Alberta,Human activity,ActivitÈs humaines,361,a,361,a
1994,1994,AB,Alberta,Alberta,Lightning,Foudre,551,a,551,a
1994,1994,AB,Alberta,Alberta,Unspecified,IndÈterminÈe,19,a,19,a
1994,1994,BC,British Columbia,Colombie-Britannique,Human activity,ActivitÈs humaines,1169,a,1169,a
1994,1994,BC,British Columbia,Colombie-Britannique,Lightning,Foudre,2888,a,2888,a
1994,1994,MB,Manitoba,Manitoba,Human activity,ActivitÈs humaines,134,a,134,a
1994,1994,MB,Manitoba,Manitoba,Lightning,Foudre,421,a,421,a
1994,1994,NB,New Brunswick,Nouveau-Brunswick,Human activity,ActivitÈs humaines,433,a,433,a
1994,1994,NB,New Brunswick,Nouveau-Brunswick,Lightning,Foudre,15,a,15,a
1994,1994,NB,New Brunswick,Nouveau-Brunswick,Unspecified,IndÈterminÈe,70,a,70,a
1994,1994,NL,Newfoundland and Labrador,Terre-Neuve-et-Labrador,Human activity,ActivitÈs humaines,122,a,122,a
1994,1994,NL,Newfoundland and Labrador,Terre-Neuve-et-Labrador,Lightning,Foudre,7,a,7,a
1994,1994,NS,Nova Scotia,Nouvelle-Ecosse,Human activity,ActivitÈs humaines,244,a,244,a
1994,1994,NS,Nova Scotia,Nouvelle-Ecosse,Unspecified,IndÈterminÈe,19,a,19,a
1994,1994,NT,Northwest Territories,Territoires du Nord-Ouest,Human activity,ActivitÈs humaines,92,a,92,a
1994,1994,NT,Northwest Territories,Territoires du Nord-Ouest,Prescribed burn,Br˚lage dirigÈ,28,a,28,a
1994,1994,NT,Northwest Territories,Territoires du Nord-Ouest,Lightning,Foudre,525,a,525,a
1994,1994,NT,Northwest Territories,Territoires du Nord-Ouest,Unspecified,IndÈterminÈe,8,a,8,a
1994,1994,ON,Ontario,Ontario,Human activity,ActivitÈs humaines,698,a,698,a
1994,1994,ON,Ontario,Ontario,Lightning,Foudre,351,a,351,a
1994,1994,ON,Ontario,Ontario,Unspecified,IndÈterminÈe,30,a,30,a
1994,1994,PE,Prince Edward Island,Œle-du-Prince-…douard,Human activity,ActivitÈs humaines,34,a,34,a
1994,1994,PE,Prince Edward Island,Œle-du-Prince-…douard,Lightning,Foudre,0,a,0,a
1994,1994,PE,Prince Edward Island,Œle-du-Prince-…douard,Unspecified,IndÈterminÈe,9,a,9,a
1994,1994,QC,Quebec,QuÈbec,Human activity,ActivitÈs humaines,381,a,381,a
1994,1994,QC,Quebec,QuÈbec,Lightning,Foudre,118,a,118,a
1994,1994,SK,Saskatchewan,Saskatchewan,Human activity,ActivitÈs humaines,435,a,435,a
1994,1994,SK,Saskatchewan,Saskatchewan,Lightning,Foudre,262,a,262,a
1994,1994,YT,Yukon,Yukon,Human activity,ActivitÈs humaines,70,a,70,a
1994,1994,YT,Yukon,Yukon,Lightning,Foudre,185,a,185,a
1995,1995,AB,Alberta,Alberta,Human activity,ActivitÈs humaines,414,a,414,a
1995,1995,AB,Alberta,Alberta,Lightning,Foudre,366,a,366,a
1995,1995,AB,Alberta,Alberta,Unspecified,IndÈterminÈe,28,a,28,a
1995,1995,BC,British Columbia,Colombie-Britannique,Human activity,ActivitÈs humaines,1130,a,1130,a
1995,1995,BC,British Columbia,Colombie-Britannique,Lightning,Foudre,344,a,344,a
1995,1995,MB,Manitoba,Manitoba,Human activity,ActivitÈs humaines,262,a,262,a
1995,1995,MB,Manitoba,Manitoba,Lightning,Foudre,399,a,399,a
1995,1995,MB,Manitoba,Manitoba,Unspecified,IndÈterminÈe,1,a,1,a
1995,1995,NB,New Brunswick,Nouveau-Brunswick,Human activity,ActivitÈs humaines,395,a,395,a
1995,1995,NB,New Brunswick,Nouveau-Brunswick,Lightning,Foudre,81,a,81,a
1995,1995,NB,New Brunswick,Nouveau-Brunswick,Unspecified,IndÈterminÈe,71,a,71,a
1995,1995,NL,Newfoundland and Labrador,Terre-Neuve-et-Labrador,Human activity,ActivitÈs humaines,84,a,84,a
1995,1995,NL,Newfoundland and Labrador,Terre-Neuve-et-Labrador,Lightning,Foudre,2,a,2,a
1995,1995,NS,Nova Scotia,Nouvelle-Ecosse,Human activity,ActivitÈs humaines,353,a,353,a
1995,1995,NS,Nova Scotia,Nouvelle-Ecosse,Lightning,Foudre,4,a,4,a
1995,1995,NS,Nova Scotia,Nouvelle-Ecosse,Unspecified,IndÈterminÈe,50,a,50,a
1995,1995,NT,Northwest Territories,Territoires du Nord-Ouest,Human activity,ActivitÈs humaines,67,a,67,a
1995,1995,NT,Northwest Territories,Territoires du Nord-Ouest,Prescribed burn,Br˚lage dirigÈ,8,a,8,a
1995,1995,NT,Northwest Territories,Territoires du Nord-Ouest,Lightning,Foudre,139,a,139,a
1995,1995,NT,Northwest Territories,Territoires du Nord-Ouest,Unspecified,IndÈterminÈe,4,a,4,a
1995,1995,ON,Ontario,Ontario,Human activity,ActivitÈs humaines,985,a,985,a
1995,1995,ON,Ontario,Ontario,Lightning,Foudre,1133,a,1133,a
1995,1995,ON,Ontario,Ontario,Unspecified,IndÈterminÈe,32,a,32,a
1995,1995,PE,Prince Edward Island,Œle-du-Prince-…douard,Human activity,ActivitÈs humaines,14,a,14,a
1995,1995,PE,Prince Edward Island,Œle-du-Prince-…douard,Lightning,Foudre,0,a,0,a
1995,1995,PE,Prince Edward Island,Œle-du-Prince-…douard,Unspecified,IndÈterminÈe,15,a,15,a
1995,1995,QC,Quebec,QuÈbec,Human activity,ActivitÈs humaines,672,a,672,a
1995,1995,QC,Quebec,QuÈbec,Lightning,Foudre,593,a,593,a
1995,1995,SK,Saskatchewan,Saskatchewan,Human activity,ActivitÈs humaines,295,a,295,a
1995,1995,SK,Saskatchewan,Saskatchewan,Lightning,Foudre,355,a,355,a
1995,1995,SK,Saskatchewan,Saskatchewan,Unspecified,IndÈterminÈe,1,a,1,a
1995,1995,YT,Yukon,Yukon,Human activity,ActivitÈs humaines,71,a,71,a
1995,1995,YT,Yukon,Yukon,Lightning,Foudre,76,a,76,a
1995,1995,YT,Yukon,Yukon,Unspecified,IndÈterminÈe,1,a,1,a
1996,1996,AB,Alberta,Alberta,Human activity,ActivitÈs humaines,143,a,143,a
1996,1996,AB,Alberta,Alberta,Lightning,Foudre,239,a,239,a
1996,1996,AB,Alberta,Alberta,Unspecified,IndÈterminÈe,16,a,16,a
1996,1996,BC,British Columbia,Colombie-Britannique,Human activity,ActivitÈs humaines,633,a,633,a
1996,1996,BC,British Columbia,Colombie-Britannique,Lightning,Foudre,727,a,727,a
1996,1996,MB,Manitoba,Manitoba,Human activity,ActivitÈs humaines,187,a,187,a
1996,1996,MB,Manitoba,Manitoba,Lightning,Foudre,237,a,237,a
1996,1996,NB,New Brunswick,Nouveau-Brunswick,Human activity,ActivitÈs humaines,239,a,239,a
1996,1996,NB,New Brunswick,Nouveau-Brunswick,Lightning,Foudre,84,a,84,a
1996,1996,NB,New Brunswick,Nouveau-Brunswick,Unspecified,IndÈterminÈe,44,a,44,a
1996,1996,NL,Newfoundland and Labrador,Terre-Neuve-et-Labrador,Human activity,ActivitÈs humaines,82,a,82,a
1996,1996,NL,Newfoundland and Labrador,Terre-Neuve-et-Labrador,Lightning,Foudre,29,a,29,a
1996,1996,NS,Nova Scotia,Nouvelle-Ecosse,Human activity,ActivitÈs humaines,238,a,238,a
1996,1996,NS,Nova Scotia,Nouvelle-Ecosse,Lightning,Foudre,4,a,4,a
1996,1996,NS,Nova Scotia,Nouvelle-Ecosse,Unspecified,IndÈterminÈe,28,a,28,a
1996,1996,NT,Northwest Territories,Territoires du Nord-Ouest,Human activity,ActivitÈs humaines,20,a,20,a
1996,1996,NT,Northwest Territories,Territoires du Nord-Ouest,Lightning,Foudre,330,a,330,a
1996,1996,ON,Ontario,Ontario,Human activity,ActivitÈs humaines,576,a,576,a
1996,1996,ON,Ontario,Ontario,Lightning,Foudre,669,a,669,a
1996,1996,ON,Ontario,Ontario,Unspecified,IndÈterminÈe,30,a,30,a
1996,1996,PE,Prince Edward Island,Œle-du-Prince-…douard,Human activity,ActivitÈs humaines,0,a,0,a
1996,1996,PE,Prince Edward Island,Œle-du-Prince-…douard,Lightning,Foudre,0,a,0,a
1996,1996,PE,Prince Edward Island,Œle-du-Prince-…douard,Unspecified,IndÈterminÈe,0,a,0,a
1996,1996,QC,Quebec,QuÈbec,Human activity,ActivitÈs humaines,499,a,499,a
1996,1996,QC,Quebec,QuÈbec,Lightning,Foudre,751,a,751,a
1996,1996,SK,Saskatchewan,Saskatchewan,Human activity,ActivitÈs humaines,207,a,207,a
1996,1996,SK,Saskatchewan,Saskatchewan,Lightning,Foudre,218,a,218,a
1996,1996,YT,Yukon,Yukon,Human activity,ActivitÈs humaines,66,a,66,a
1996,1996,YT,Yukon,Yukon,Lightning,Foudre,83,a,83,a
1997,1997,AB,Alberta,Alberta,Human activity,ActivitÈs humaines,204,a,204,a
1997,1997,AB,Alberta,Alberta,Lightning,Foudre,249,a,249,a
1997,1997,AB,Alberta,Alberta,Unspecified,IndÈterminÈe,10,a,10,a
1997,1997,BC,British Columbia,Colombie-Britannique,Human activity,ActivitÈs humaines,489,a,489,a
1997,1997,BC,British Columbia,Colombie-Britannique,Lightning,Foudre,687,a,687,a
1997,1997,MB,Manitoba,Manitoba,Human activity,ActivitÈs humaines,189,a,189,a
1997,1997,MB,Manitoba,Manitoba,Lightning,Foudre,184,a,184,a
1997,1997,NB,New Brunswick,Nouveau-Brunswick,Human activity,ActivitÈs humaines,290,a,290,a
1997,1997,NB,New Brunswick,Nouveau-Brunswick,Lightning,Foudre,33,a,33,a
1997,1997,NB,New Brunswick,Nouveau-Brunswick,Unspecified,IndÈterminÈe,45,a,45,a
1997,1997,NL,Newfoundland and Labrador,Terre-Neuve-et-Labrador,Human activity,ActivitÈs humaines,68,a,68,a
1997,1997,NL,Newfoundland and Labrador,Terre-Neuve-et-Labrador,Lightning,Foudre,10,a,10,a
1997,1997,NS,Nova Scotia,Nouvelle-Ecosse,Human activity,ActivitÈs humaines,307,a,307,a
1997,1997,NS,Nova Scotia,Nouvelle-Ecosse,Lightning,Foudre,24,a,24,a
1997,1997,NS,Nova Scotia,Nouvelle-Ecosse,Unspecified,IndÈterminÈe,39,a,39,a
1997,1997,NT,Northwest Territories,Territoires du Nord-Ouest,Human activity,ActivitÈs humaines,14,a,14,a
1997,1997,NT,Northwest Territories,Territoires du Nord-Ouest,Lightning,Foudre,90,a,90,a
1997,1997,NT,Northwest Territories,Territoires du Nord-Ouest,Unspecified,IndÈterminÈe,1,a,1,a
1997,1997,ON,Ontario,Ontario,Human activity,ActivitÈs humaines,925,a,925,a
1997,1997,ON,Ontario,Ontario,Lightning,Foudre,681,a,681,a
1997,1997,ON,Ontario,Ontario,Unspecified,IndÈterminÈe,40,a,40,a
1997,1997,PE,Prince Edward Island,Œle-du-Prince-…douard,Human activity,ActivitÈs humaines,,a,,a
1997,1997,PE,Prince Edward Island,Œle-du-Prince-…douard,Lightning,Foudre,,a,,a
1997,1997,PE,Prince Edward Island,Œle-du-Prince-…douard,Unspecified,IndÈterminÈe,34,a,34,a
1997,1997,QC,Quebec,QuÈbec,Human activity,ActivitÈs humaines,514,a,514,a
1997,1997,QC,Quebec,QuÈbec,Lightning,Foudre,362,a,362,a
1997,1997,SK,Saskatchewan,Saskatchewan,Human activity,ActivitÈs humaines,232,a,232,a
1997,1997,SK,Saskatchewan,Saskatchewan,Lightning,Foudre,257,a,257,a
1997,1997,YT,Yukon,Yukon,Human activity,ActivitÈs humaines,69,a,69,a
1997,1997,YT,Yukon,Yukon,Lightning,Foudre,43,a,43,a
1998,1998,AB,Alberta,Alberta,Human activity,ActivitÈs humaines,449,a,449,a
1998,1998,AB,Alberta,Alberta,Lightning,Foudre,1231,a,1231,a
1998,1998,AB,Alberta,Alberta,Unspecified,IndÈterminÈe,58,a,58,a
1998,1998,BC,British Columbia,Colombie-Britannique,Human activity,ActivitÈs humaines,911,a,911,a
1998,1998,BC,British Columbia,Colombie-Britannique,Lightning,Foudre,1752,a,1752,a
1998,1998,MB,Manitoba,Manitoba,Human activity,ActivitÈs humaines,296,a,296,a
1998,1998,MB,Manitoba,Manitoba,Lightning,Foudre,220,a,220,a
1998,1998,NB,New Brunswick,Nouveau-Brunswick,Human activity,ActivitÈs humaines,224,a,224,a
1998,1998,NB,New Brunswick,Nouveau-Brunswick,Lightning,Foudre,18,a,18,a
1998,1998,NB,New Brunswick,Nouveau-Brunswick,Unspecified,IndÈterminÈe,46,a,46,a
1998,1998,NL,Newfoundland and Labrador,Terre-Neuve-et-Labrador,Human activity,ActivitÈs humaines,159,a,159,a
1998,1998,NL,Newfoundland and Labrador,Terre-Neuve-et-Labrador,Lightning,Foudre,21,a,21,a
1998,1998,NS,Nova Scotia,Nouvelle-Ecosse,Human activity,ActivitÈs humaines,293,a,293,a
1998,1998,NS,Nova Scotia,Nouvelle-Ecosse,Lightning,Foudre,5,a,5,a
1998,1998,NS,Nova Scotia,Nouvelle-Ecosse,Unspecified,IndÈterminÈe,48,a,48,a
1998,1998,NT,Northwest Territories,Territoires du Nord-Ouest,Human activity,ActivitÈs humaines,24,a,24,a
1998,1998,NT,Northwest Territories,Territoires du Nord-Ouest,Lightning,Foudre,373,a,373,a
1998,1998,NT,Northwest Territories,Territoires du Nord-Ouest,Unspecified,IndÈterminÈe,2,a,2,a
1998,1998,ON,Ontario,Ontario,Human activity,ActivitÈs humaines,854,a,854,a
1998,1998,ON,Ontario,Ontario,Lightning,Foudre,1412,a,1412,a
1998,1998,ON,Ontario,Ontario,Unspecified,IndÈterminÈe,25,a,25,a
1998,1998,PE,Prince Edward Island,Œle-du-Prince-…douard,Human activity,ActivitÈs humaines,20,a,20,a
1998,1998,PE,Prince Edward Island,Œle-du-Prince-…douard,Lightning,Foudre,0,a,0,a
1998,1998,PE,Prince Edward Island,Œle-du-Prince-…douard,Unspecified,IndÈterminÈe,7,a,7,a
1998,1998,QC,Quebec,QuÈbec,Human activity,ActivitÈs humaines,645,a,645,a
1998,1998,QC,Quebec,QuÈbec,Lightning,Foudre,209,a,209,a
1998,1998,SK,Saskatchewan,Saskatchewan,Human activity,ActivitÈs humaines,438,a,438,a
1998,1998,SK,Saskatchewan,Saskatchewan,Lightning,Foudre,830,a,830,a
1998,1998,YT,Yukon,Yukon,Human activity,ActivitÈs humaines,110,a,110,a
1998,1998,YT,Yukon,Yukon,Lightning,Foudre,87,a,87,a
1998,1998,YT,Yukon,Yukon,Unspecified,IndÈterminÈe,1,a,1,a
1999,1999,AB,Alberta,Alberta,Human activity,ActivitÈs humaines,448,a,448,a
1999,1999,AB,Alberta,Alberta,Prescribed burn,Br˚lage dirigÈ,1,a,1,a
1999,1999,AB,Alberta,Alberta,Lightning,Foudre,901,a,901,a
1999,1999,AB,Alberta,Alberta,Unspecified,IndÈterminÈe,21,a,21,a
1999,1999,BC,British Columbia,Colombie-Britannique,Human activity,ActivitÈs humaines,597,a,597,a
1999,1999,BC,British Columbia,Colombie-Britannique,Lightning,Foudre,601,a,601,a
1999,1999,MB,Manitoba,Manitoba,Human activity,ActivitÈs humaines,329,a,329,a
1999,1999,MB,Manitoba,Manitoba,Lightning,Foudre,284,a,284,a
1999,1999,NB,New Brunswick,Nouveau-Brunswick,Human activity,ActivitÈs humaines,378,a,378,a
1999,1999,NB,New Brunswick,Nouveau-Brunswick,Lightning,Foudre,161,a,161,a
1999,1999,NB,New Brunswick,Nouveau-Brunswick,Unspecified,IndÈterminÈe,68,a,68,a
1999,1999,NL,Newfoundland and Labrador,Terre-Neuve-et-Labrador,Human activity,ActivitÈs humaines,165,a,165,a
1999,1999,NL,Newfoundland and Labrador,Terre-Neuve-et-Labrador,Lightning,Foudre,23,a,23,a
1999,1999,NS,Nova Scotia,Nouvelle-Ecosse,Human activity,ActivitÈs humaines,398,a,398,a
1999,1999,NS,Nova Scotia,Nouvelle-Ecosse,Lightning,Foudre,27,a,27,a
1999,1999,NS,Nova Scotia,Nouvelle-Ecosse,Unspecified,IndÈterminÈe,39,a,39,a
1999,1999,NT,Northwest Territories,Territoires du Nord-Ouest,Human activity,ActivitÈs humaines,32,a,32,a
1999,1999,NT,Northwest Territories,Territoires du Nord-Ouest,Prescribed burn,Br˚lage dirigÈ,2,a,2,a
1999,1999,NT,Northwest Territories,Territoires du Nord-Ouest,Lightning,Foudre,135,a,135,a
1999,1999,NT,Northwest Territories,Territoires du Nord-Ouest,Unspecified,IndÈterminÈe,3,a,3,a
1999,1999,ON,Ontario,Ontario,Human activity,ActivitÈs humaines,633,a,633,a
1999,1999,ON,Ontario,Ontario,Lightning,Foudre,376,a,376,a
1999,1999,ON,Ontario,Ontario,Unspecified,IndÈterminÈe,16,a,16,a
1999,1999,PE,Prince Edward Island,Œle-du-Prince-…douard,Human activity,ActivitÈs humaines,26,a,26,a
1999,1999,PE,Prince Edward Island,Œle-du-Prince-…douard,Lightning,Foudre,1,a,1,a
1999,1999,PE,Prince Edward Island,Œle-du-Prince-…douard,Unspecified,IndÈterminÈe,7,a,7,a
1999,1999,QC,Quebec,QuÈbec,Human activity,ActivitÈs humaines,778,a,778,a
1999,1999,QC,Quebec,QuÈbec,Lightning,Foudre,259,a,259,a
1999,1999,SK,Saskatchewan,Saskatchewan,Human activity,ActivitÈs humaines,245,a,245,a
1999,1999,SK,Saskatchewan,Saskatchewan,Lightning,Foudre,495,a,495,a
1999,1999,YT,Yukon,Yukon,Human activity,ActivitÈs humaines,40,a,40,a
1999,1999,YT,Yukon,Yukon,Lightning,Foudre,119,a,119,a
2000,2000,AB,Alberta,Alberta,Human activity,ActivitÈs humaines,366,a,366,a
2000,2000,AB,Alberta,Alberta,Lightning,Foudre,481,a,481,a
2000,2000,AB,Alberta,Alberta,Unspecified,IndÈterminÈe,17,a,17,a
2000,2000,BC,British Columbia,Colombie-Britannique,Human activity,ActivitÈs humaines,687,a,687,a
2000,2000,BC,British Columbia,Colombie-Britannique,Lightning,Foudre,864,a,864,a
2000,2000,MB,Manitoba,Manitoba,Human activity,ActivitÈs humaines,4,a,4,a
2000,2000,MB,Manitoba,Manitoba,Unspecified,IndÈterminÈe,353,a,353,a
2000,2000,NB,New Brunswick,Nouveau-Brunswick,Human activity,ActivitÈs humaines,265,a,265,a
2000,2000,NB,New Brunswick,Nouveau-Brunswick,Lightning,Foudre,20,a,20,a
2000,2000,NB,New Brunswick,Nouveau-Brunswick,Unspecified,IndÈterminÈe,57,a,57,a
2000,2000,NL,Newfoundland and Labrador,Terre-Neuve-et-Labrador,Human activity,ActivitÈs humaines,124,a,124,a
2000,2000,NL,Newfoundland and Labrador,Terre-Neuve-et-Labrador,Lightning,Foudre,25,a,25,a
2000,2000,NS,Nova Scotia,Nouvelle-Ecosse,Human activity,ActivitÈs humaines,163,a,163,a
2000,2000,NS,Nova Scotia,Nouvelle-Ecosse,Lightning,Foudre,8,a,8,a
2000,2000,NS,Nova Scotia,Nouvelle-Ecosse,Unspecified,IndÈterminÈe,41,a,41,a
2000,2000,NT,Northwest Territories,Territoires du Nord-Ouest,Human activity,ActivitÈs humaines,19,a,19,a
2000,2000,NT,Northwest Territories,Territoires du Nord-Ouest,Prescribed burn,Br˚lage dirigÈ,1,a,1,a
2000,2000,NT,Northwest Territories,Territoires du Nord-Ouest,Lightning,Foudre,252,a,252,a
2000,2000,NT,Northwest Territories,Territoires du Nord-Ouest,Unspecified,IndÈterminÈe,3,a,3,a
2000,2000,ON,Ontario,Ontario,Human activity,ActivitÈs humaines,443,a,443,a
2000,2000,ON,Ontario,Ontario,Lightning,Foudre,199,a,199,a
2000,2000,ON,Ontario,Ontario,Unspecified,IndÈterminÈe,11,a,11,a
2000,2000,PE,Prince Edward Island,Œle-du-Prince-…douard,Human activity,ActivitÈs humaines,,a,,a
2000,2000,PE,Prince Edward Island,Œle-du-Prince-…douard,Lightning,Foudre,,a,,a
2000,2000,PE,Prince Edward Island,Œle-du-Prince-…douard,Unspecified,IndÈterminÈe,,a,,a
2000,2000,QC,Quebec,QuÈbec,Human activity,ActivitÈs humaines,412,a,412,a
2000,2000,QC,Quebec,QuÈbec,Lightning,Foudre,105,a,105,a
2000,2000,SK,Saskatchewan,Saskatchewan,Human activity,ActivitÈs humaines,240,a,240,a
2000,2000,SK,Saskatchewan,Saskatchewan,Lightning,Foudre,182,a,182,a
2000,2000,YT,Yukon,Yukon,Human activity,ActivitÈs humaines,31,a,31,a
2000,2000,YT,Yukon,Yukon,Lightning,Foudre,23,a,23,a
2000,2000,YT,Yukon,Yukon,Unspecified,IndÈterminÈe,1,a,1,a
2001,2001,AB,Alberta,Alberta,Human activity,ActivitÈs humaines,485,a,485,a
2001,2001,AB,Alberta,Alberta,Lightning,Foudre,516,a,516,a
2001,2001,AB,Alberta,Alberta,Unspecified,IndÈterminÈe,23,a,23,a
2001,2001,BC,British Columbia,Colombie-Britannique,Human activity,ActivitÈs humaines,831,a,831,a
2001,2001,BC,British Columbia,Colombie-Britannique,Lightning,Foudre,489,a,489,a
2001,2001,MB,Manitoba,Manitoba,Human activity,ActivitÈs humaines,6,a,6,a
2001,2001,MB,Manitoba,Manitoba,Unspecified,IndÈterminÈe,527,a,527,a
2001,2001,NB,New Brunswick,Nouveau-Brunswick,Human activity,ActivitÈs humaines,343,a,343,a
2001,2001,NB,New Brunswick,Nouveau-Brunswick,Lightning,Foudre,56,a,56,a
2001,2001,NB,New Brunswick,Nouveau-Brunswick,Unspecified,IndÈterminÈe,97,a,97,a
2001,2001,NL,Newfoundland and Labrador,Terre-Neuve-et-Labrador,Human activity,ActivitÈs humaines,166,a,166,a
2001,2001,NL,Newfoundland and Labrador,Terre-Neuve-et-Labrador,Lightning,Foudre,16,a,16,a
2001,2001,NS,Nova Scotia,Nouvelle-Ecosse,Human activity,ActivitÈs humaines,425,a,425,a
2001,2001,NS,Nova Scotia,Nouvelle-Ecosse,Lightning,Foudre,16,a,16,a
2001,2001,NS,Nova Scotia,Nouvelle-Ecosse,Unspecified,IndÈterminÈe,48,a,48,a
2001,2001,NT,Northwest Territories,Territoires du Nord-Ouest,Human activity,ActivitÈs humaines,21,a,21,a
2001,2001,NT,Northwest Territories,Territoires du Nord-Ouest,Lightning,Foudre,107,a,107,a
2001,2001,ON,Ontario,Ontario,Human activity,ActivitÈs humaines,545,a,545,a
2001,2001,ON,Ontario,Ontario,Lightning,Foudre,1037,a,1037,a
2001,2001,ON,Ontario,Ontario,Unspecified,IndÈterminÈe,14,a,14,a
2001,2001,PE,Prince Edward Island,Œle-du-Prince-…douard,Human activity,ActivitÈs humaines,32,a,32,a
2001,2001,PE,Prince Edward Island,Œle-du-Prince-…douard,Lightning,Foudre,0,a,0,a
2001,2001,PE,Prince Edward Island,Œle-du-Prince-…douard,Unspecified,IndÈterminÈe,14,a,14,a
2001,2001,QC,Quebec,QuÈbec,Human activity,ActivitÈs humaines,740,a,740,a
2001,2001,QC,Quebec,QuÈbec,Lightning,Foudre,265,a,265,a
2001,2001,SK,Saskatchewan,Saskatchewan,Human activity,ActivitÈs humaines,547,a,547,a
2001,2001,SK,Saskatchewan,Saskatchewan,Lightning,Foudre,328,a,328,a
2001,2001,YT,Yukon,Yukon,Human activity,ActivitÈs humaines,18,a,18,a
2001,2001,YT,Yukon,Yukon,Lightning,Foudre,50,a,50,a
2002,2002,AB,Alberta,Alberta,Human activity,ActivitÈs humaines,589,a,589,a
2002,2002,AB,Alberta,Alberta,Prescribed burn,Br˚lage dirigÈ,1,a,1,a
2002,2002,AB,Alberta,Alberta,Lightning,Foudre,886,a,886,a
2002,2002,AB,Alberta,Alberta,Unspecified,IndÈterminÈe,17,a,17,a
2002,2002,BC,British Columbia,Colombie-Britannique,Human activity,ActivitÈs humaines,909,a,909,a
2002,2002,BC,British Columbia,Colombie-Britannique,Lightning,Foudre,884,a,884,a
2002,2002,BC,British Columbia,Colombie-Britannique,Unspecified,IndÈterminÈe,2,a,2,a
2002,2002,MB,Manitoba,Manitoba,Human activity,ActivitÈs humaines,5,a,5,a
2002,2002,MB,Manitoba,Manitoba,Unspecified,IndÈterminÈe,755,a,755,a
2002,2002,NB,New Brunswick,Nouveau-Brunswick,Human activity,ActivitÈs humaines,211,a,211,a
2002,2002,NB,New Brunswick,Nouveau-Brunswick,Lightning,Foudre,55,a,55,a
2002,2002,NB,New Brunswick,Nouveau-Brunswick,Unspecified,IndÈterminÈe,51,a,51,a
2002,2002,NL,Newfoundland and Labrador,Terre-Neuve-et-Labrador,Human activity,ActivitÈs humaines,86,a,86,a
2002,2002,NL,Newfoundland and Labrador,Terre-Neuve-et-Labrador,Lightning,Foudre,14,a,14,a
2002,2002,NS,Nova Scotia,Nouvelle-Ecosse,Human activity,ActivitÈs humaines,224,a,224,a
2002,2002,NS,Nova Scotia,Nouvelle-Ecosse,Lightning,Foudre,16,a,16,a
2002,2002,NS,Nova Scotia,Nouvelle-Ecosse,Unspecified,IndÈterminÈe,30,a,30,a
2002,2002,NT,Northwest Territories,Territoires du Nord-Ouest,Human activity,ActivitÈs humaines,12,a,12,a
2002,2002,NT,Northwest Territories,Territoires du Nord-Ouest,Lightning,Foudre,70,a,70,a
2002,2002,NT,Northwest Territories,Territoires du Nord-Ouest,Unspecified,IndÈterminÈe,3,a,3,a
2002,2002,ON,Ontario,Ontario,Human activity,ActivitÈs humaines,439,a,439,a
2002,2002,ON,Ontario,Ontario,Lightning,Foudre,703,a,703,a
2002,2002,ON,Ontario,Ontario,Unspecified,IndÈterminÈe,21,a,21,a
2002,2002,PE,Prince Edward Island,Œle-du-Prince-…douard,Human activity,ActivitÈs humaines,26,a,26,a
2002,2002,PE,Prince Edward Island,Œle-du-Prince-…douard,Lightning,Foudre,0,a,0,a
2002,2002,PE,Prince Edward Island,Œle-du-Prince-…douard,Unspecified,IndÈterminÈe,3,a,3,a
2002,2002,QC,Quebec,QuÈbec,Human activity,ActivitÈs humaines,572,a,572,a
2002,2002,QC,Quebec,QuÈbec,Lightning,Foudre,327,a,327,a
2002,2002,SK,Saskatchewan,Saskatchewan,Human activity,ActivitÈs humaines,447,a,447,a
2002,2002,SK,Saskatchewan,Saskatchewan,Lightning,Foudre,450,a,450,a
2002,2002,YT,Yukon,Yukon,Human activity,ActivitÈs humaines,39,a,39,a
2002,2002,YT,Yukon,Yukon,Lightning,Foudre,31,a,31,a
2003,2003,AB,Alberta,Alberta,Human activity,ActivitÈs humaines,672,a,672,a
2003,2003,AB,Alberta,Alberta,Lightning,Foudre,563,a,563,a
2003,2003,AB,Alberta,Alberta,Unspecified,IndÈterminÈe,22,a,22,a
2003,2003,BC,British Columbia,Colombie-Britannique,Human activity,ActivitÈs humaines,945,a,945,a
2003,2003,BC,British Columbia,Colombie-Britannique,Lightning,Foudre,1545,a,1545,a
2003,2003,MB,Manitoba,Manitoba,Human activity,ActivitÈs humaines,2,a,2,a
2003,2003,MB,Manitoba,Manitoba,Unspecified,IndÈterminÈe,1207,a,1207,a
2003,2003,NB,New Brunswick,Nouveau-Brunswick,Human activity,ActivitÈs humaines,182,a,182,a
2003,2003,NB,New Brunswick,Nouveau-Brunswick,Lightning,Foudre,22,a,22,a
2003,2003,NB,New Brunswick,Nouveau-Brunswick,Unspecified,IndÈterminÈe,26,a,26,a
2003,2003,NL,Newfoundland and Labrador,Terre-Neuve-et-Labrador,Human activity,ActivitÈs humaines,125,a,125,a
2003,2003,NL,Newfoundland and Labrador,Terre-Neuve-et-Labrador,Lightning,Foudre,15,a,15,a
2003,2003,NS,Nova Scotia,Nouvelle-Ecosse,Human activity,ActivitÈs humaines,254,a,254,a
2003,2003,NS,Nova Scotia,Nouvelle-Ecosse,Lightning,Foudre,4,a,4,a
2003,2003,NS,Nova Scotia,Nouvelle-Ecosse,Unspecified,IndÈterminÈe,14,a,14,a
2003,2003,NT,Northwest Territories,Territoires du Nord-Ouest,Human activity,ActivitÈs humaines,12,a,12,a
2003,2003,NT,Northwest Territories,Territoires du Nord-Ouest,Lightning,Foudre,148,a,148,a
2003,2003,ON,Ontario,Ontario,Human activity,ActivitÈs humaines,477,a,477,a
2003,2003,ON,Ontario,Ontario,Lightning,Foudre,519,a,519,a
2003,2003,ON,Ontario,Ontario,Unspecified,IndÈterminÈe,47,a,47,a
2003,2003,PE,Prince Edward Island,Œle-du-Prince-…douard,Human activity,ActivitÈs humaines,13,a,13,a
2003,2003,PE,Prince Edward Island,Œle-du-Prince-…douard,Lightning,Foudre,0,a,0,a
2003,2003,PE,Prince Edward Island,Œle-du-Prince-…douard,Unspecified,IndÈterminÈe,1,a,1,a
2003,2003,QC,Quebec,QuÈbec,Human activity,ActivitÈs humaines,526,a,526,a
2003,2003,QC,Quebec,QuÈbec,Lightning,Foudre,194,a,194,a
2003,2003,SK,Saskatchewan,Saskatchewan,Human activity,ActivitÈs humaines,299,a,299,a
2003,2003,SK,Saskatchewan,Saskatchewan,Lightning,Foudre,359,a,359,a
2003,2003,YT,Yukon,Yukon,Human activity,ActivitÈs humaines,48,a,48,a
2003,2003,YT,Yukon,Yukon,Lightning,Foudre,29,a,29,a
2004,2004,AB,Alberta,Alberta,Human activity,ActivitÈs humaines,877,a,877,a
2004,2004,AB,Alberta,Alberta,Prescribed burn,Br˚lage dirigÈ,1,a,1,a
2004,2004,AB,Alberta,Alberta,Lightning,Foudre,788,a,788,a
2004,2004,AB,Alberta,Alberta,Reburn,Rebr˚lage,6,a,6,a
2004,2004,AB,Alberta,Alberta,Unspecified,IndÈterminÈe,11,a,11,a
2004,2004,BC,British Columbia,Colombie-Britannique,Human activity,ActivitÈs humaines,696,a,696,a
2004,2004,BC,British Columbia,Colombie-Britannique,Lightning,Foudre,1721,a,1721,a
2004,2004,BC,British Columbia,Colombie-Britannique,Unspecified,IndÈterminÈe,1,a,1,a
2004,2004,MB,Manitoba,Manitoba,Human activity,ActivitÈs humaines,16,a,16,a
2004,2004,MB,Manitoba,Manitoba,Lightning,Foudre,32,a,32,a
2004,2004,MB,Manitoba,Manitoba,Unspecified,IndÈterminÈe,9,a,9,a
2004,2004,NB,New Brunswick,Nouveau-Brunswick,Human activity,ActivitÈs humaines,212,a,212,a
2004,2004,NB,New Brunswick,Nouveau-Brunswick,Lightning,Foudre,8,a,8,a
2004,2004,NB,New Brunswick,Nouveau-Brunswick,Unspecified,IndÈterminÈe,36,a,36,a
2004,2004,NL,Newfoundland and Labrador,Terre-Neuve-et-Labrador,Human activity,ActivitÈs humaines,123,a,123,a
2004,2004,NL,Newfoundland and Labrador,Terre-Neuve-et-Labrador,Lightning,Foudre,2,a,2,a
2004,2004,NS,Nova Scotia,Nouvelle-Ecosse,Human activity,ActivitÈs humaines,250,a,250,a
2004,2004,NS,Nova Scotia,Nouvelle-Ecosse,Lightning,Foudre,4,a,4,a
2004,2004,NS,Nova Scotia,Nouvelle-Ecosse,Unspecified,IndÈterminÈe,5,a,5,a
2004,2004,NT,Northwest Territories,Territoires du Nord-Ouest,Human activity,ActivitÈs humaines,35,a,35,a
2004,2004,NT,Northwest Territories,Territoires du Nord-Ouest,Lightning,Foudre,254,a,254,a
2004,2004,NT,Northwest Territories,Territoires du Nord-Ouest,Unspecified,IndÈterminÈe,10,a,10,a
2004,2004,ON,Ontario,Ontario,Human activity,ActivitÈs humaines,309,a,309,a
2004,2004,ON,Ontario,Ontario,Lightning,Foudre,113,a,113,a
2004,2004,ON,Ontario,Ontario,Unspecified,IndÈterminÈe,13,a,13,a
2004,2004,PE,Prince Edward Island,Œle-du-Prince-…douard,Human activity,ActivitÈs humaines,18,a,18,a
2004,2004,PE,Prince Edward Island,Œle-du-Prince-…douard,Lightning,Foudre,0,a,0,a
2004,2004,PE,Prince Edward Island,Œle-du-Prince-…douard,Unspecified,IndÈterminÈe,2,a,2,a
2004,2004,QC,Quebec,QuÈbec,Human activity,ActivitÈs humaines,280,a,280,a
2004,2004,QC,Quebec,QuÈbec,Lightning,Foudre,42,a,42,a
2004,2004,SK,Saskatchewan,Saskatchewan,Human activity,ActivitÈs humaines,166,a,166,a
2004,2004,SK,Saskatchewan,Saskatchewan,Lightning,Foudre,165,a,165,a
2004,2004,SK,Saskatchewan,Saskatchewan,Unspecified,IndÈterminÈe,1,a,1,a
2004,2004,YT,Yukon,Yukon,Human activity,ActivitÈs humaines,33,a,33,a
2004,2004,YT,Yukon,Yukon,Lightning,Foudre,249,a,249,a
2005,2005,AB,Alberta,Alberta,Human activity,ActivitÈs humaines,914,a,914,a
2005,2005,AB,Alberta,Alberta,Prescribed burn,Br˚lage dirigÈ,2,a,2,a
2005,2005,AB,Alberta,Alberta,Lightning,Foudre,471,a,471,a
2005,2005,AB,Alberta,Alberta,Reburn,Rebr˚lage,3,a,3,a
2005,2005,AB,Alberta,Alberta,Unspecified,IndÈterminÈe,35,a,35,a
2005,2005,BC,British Columbia,Colombie-Britannique,Human activity,ActivitÈs humaines,616,a,616,a
2005,2005,BC,British Columbia,Colombie-Britannique,Lightning,Foudre,390,a,390,a
2005,2005,MB,Manitoba,Manitoba,Human activity,ActivitÈs humaines,111,a,111,a
2005,2005,MB,Manitoba,Manitoba,Lightning,Foudre,143,a,143,a
2005,2005,NB,New Brunswick,Nouveau-Brunswick,Human activity,ActivitÈs humaines,258,a,258,a
2005,2005,NB,New Brunswick,Nouveau-Brunswick,Lightning,Foudre,25,a,25,a
2005,2005,NB,New Brunswick,Nouveau-Brunswick,Unspecified,IndÈterminÈe,26,a,26,a
2005,2005,NL,Newfoundland and Labrador,Terre-Neuve-et-Labrador,Human activity,ActivitÈs humaines,115,a,115,a
2005,2005,NL,Newfoundland and Labrador,Terre-Neuve-et-Labrador,Lightning,Foudre,6,a,6,a
2005,2005,NS,Nova Scotia,Nouvelle-Ecosse,Human activity,ActivitÈs humaines,261,a,261,a
2005,2005,NS,Nova Scotia,Nouvelle-Ecosse,Lightning,Foudre,4,a,4,a
2005,2005,NS,Nova Scotia,Nouvelle-Ecosse,Unspecified,IndÈterminÈe,24,a,24,a
2005,2005,NT,Northwest Territories,Territoires du Nord-Ouest,Human activity,ActivitÈs humaines,16,a,16,a
2005,2005,NT,Northwest Territories,Territoires du Nord-Ouest,Lightning,Foudre,239,a,239,a
2005,2005,NT,Northwest Territories,Territoires du Nord-Ouest,Unspecified,IndÈterminÈe,6,a,6,a
2005,2005,ON,Ontario,Ontario,Human activity,ActivitÈs humaines,593,a,593,a
2005,2005,ON,Ontario,Ontario,Lightning,Foudre,1358,a,1358,a
2005,2005,ON,Ontario,Ontario,Unspecified,IndÈterminÈe,27,a,27,a
2005,2005,PE,Prince Edward Island,Œle-du-Prince-…douard,Human activity,ActivitÈs humaines,11,a,11,a
2005,2005,PE,Prince Edward Island,Œle-du-Prince-…douard,Lightning,Foudre,0,a,0,a
2005,2005,PE,Prince Edward Island,Œle-du-Prince-…douard,Unspecified,IndÈterminÈe,2,a,2,a
2005,2005,QC,Quebec,QuÈbec,Human activity,ActivitÈs humaines,550,a,550,a
2005,2005,QC,Quebec,QuÈbec,Lightning,Foudre,825,a,825,a
2005,2005,SK,Saskatchewan,Saskatchewan,Human activity,ActivitÈs humaines,137,a,137,a
2005,2005,SK,Saskatchewan,Saskatchewan,Lightning,Foudre,199,a,199,a
2005,2005,SK,Saskatchewan,Saskatchewan,Unspecified,IndÈterminÈe,2,a,2,a
2005,2005,YT,Yukon,Yukon,Human activity,ActivitÈs humaines,26,a,26,a
2005,2005,YT,Yukon,Yukon,Lightning,Foudre,57,a,57,a
2006,2006,AB,Alberta,Alberta,Human activity,ActivitÈs humaines,1223,a,1223,a
2006,2006,AB,Alberta,Alberta,Prescribed burn,Br˚lage dirigÈ,7,a,7,a
2006,2006,AB,Alberta,Alberta,Lightning,Foudre,797,a,797,a
2006,2006,AB,Alberta,Alberta,Reburn,Rebr˚lage,22,a,22,a
2006,2006,AB,Alberta,Alberta,Unspecified,IndÈterminÈe,58,a,58,a
2006,2006,BC,British Columbia,Colombie-Britannique,Human activity,ActivitÈs humaines,1037,a,1037,a
2006,2006,BC,British Columbia,Colombie-Britannique,Lightning,Foudre,1550,a,1550,a
2006,2006,MB,Manitoba,Manitoba,Human activity,ActivitÈs humaines,262,a,262,a
2006,2006,MB,Manitoba,Manitoba,Lightning,Foudre,422,a,422,a
2006,2006,NB,New Brunswick,Nouveau-Brunswick,Human activity,ActivitÈs humaines,249,a,249,a
2006,2006,NB,New Brunswick,Nouveau-Brunswick,Lightning,Foudre,27,a,27,a
2006,2006,NB,New Brunswick,Nouveau-Brunswick,Unspecified,IndÈterminÈe,34,a,34,a
2006,2006,NL,Newfoundland and Labrador,Terre-Neuve-et-Labrador,Human activity,ActivitÈs humaines,61,a,61,a
2006,2006,NL,Newfoundland and Labrador,Terre-Neuve-et-Labrador,Lightning,Foudre,5,a,5,a
2006,2006,NS,Nova Scotia,Nouvelle-Ecosse,Human activity,ActivitÈs humaines,203,a,203,a
2006,2006,NS,Nova Scotia,Nouvelle-Ecosse,Unspecified,IndÈterminÈe,13,a,13,a
2006,2006,NT,Northwest Territories,Territoires du Nord-Ouest,Human activity,ActivitÈs humaines,23,a,23,a
2006,2006,NT,Northwest Territories,Territoires du Nord-Ouest,Lightning,Foudre,140,a,140,a
2006,2006,NT,Northwest Territories,Territoires du Nord-Ouest,Unspecified,IndÈterminÈe,4,a,4,a
2006,2006,ON,Ontario,Ontario,Human activity,ActivitÈs humaines,500,a,500,a
2006,2006,ON,Ontario,Ontario,Lightning,Foudre,1761,a,1761,a
2006,2006,ON,Ontario,Ontario,Unspecified,IndÈterminÈe,31,a,31,a
2006,2006,PE,Prince Edward Island,Œle-du-Prince-…douard,Human activity,ActivitÈs humaines,35,a,35,a
2006,2006,PE,Prince Edward Island,Œle-du-Prince-…douard,Lightning,Foudre,0,a,0,a
2006,2006,PE,Prince Edward Island,Œle-du-Prince-…douard,Unspecified,IndÈterminÈe,1,a,1,a
2006,2006,QC,Quebec,QuÈbec,Human activity,ActivitÈs humaines,385,a,385,a
2006,2006,QC,Quebec,QuÈbec,Lightning,Foudre,299,a,299,a
2006,2006,SK,Saskatchewan,Saskatchewan,Human activity,ActivitÈs humaines,173,a,173,a
2006,2006,SK,Saskatchewan,Saskatchewan,Lightning,Foudre,349,a,349,a
2006,2006,SK,Saskatchewan,Saskatchewan,Unspecified,IndÈterminÈe,3,a,3,a
2006,2006,YT,Yukon,Yukon,Human activity,ActivitÈs humaines,26,a,26,a
2006,2006,YT,Yukon,Yukon,Lightning,Foudre,54,a,54,a
2007,2007,AB,Alberta,Alberta,Human activity,ActivitÈs humaines,821,a,821,a
2007,2007,AB,Alberta,Alberta,Lightning,Foudre,530,a,530,a
2007,2007,AB,Alberta,Alberta,Reburn,Rebr˚lage,8,a,8,a
2007,2007,AB,Alberta,Alberta,Unspecified,IndÈterminÈe,19,a,19,a
2007,2007,BC,British Columbia,Colombie-Britannique,Human activity,ActivitÈs humaines,718,a,718,a
2007,2007,BC,British Columbia,Colombie-Britannique,Lightning,Foudre,922,a,922,a
2007,2007,BC,British Columbia,Colombie-Britannique,Unspecified,IndÈterminÈe,1,a,1,a
2007,2007,MB,Manitoba,Manitoba,Human activity,ActivitÈs humaines,221,a,221,a
2007,2007,MB,Manitoba,Manitoba,Lightning,Foudre,162,a,162,a
2007,2007,NB,New Brunswick,Nouveau-Brunswick,Human activity,ActivitÈs humaines,254,a,254,a
2007,2007,NB,New Brunswick,Nouveau-Brunswick,Lightning,Foudre,30,a,30,a
2007,2007,NB,New Brunswick,Nouveau-Brunswick,Unspecified,IndÈterminÈe,34,a,34,a
2007,2007,NL,Newfoundland and Labrador,Terre-Neuve-et-Labrador,Human activity,ActivitÈs humaines,59,a,59,a
2007,2007,NL,Newfoundland and Labrador,Terre-Neuve-et-Labrador,Lightning,Foudre,6,a,6,a
2007,2007,NL,Newfoundland and Labrador,Terre-Neuve-et-Labrador,Unspecified,IndÈterminÈe,1,a,1,a
2007,2007,NS,Nova Scotia,Nouvelle-Ecosse,Human activity,ActivitÈs humaines,324,a,324,a
2007,2007,NS,Nova Scotia,Nouvelle-Ecosse,Lightning,Foudre,2,a,2,a
2007,2007,NS,Nova Scotia,Nouvelle-Ecosse,Unspecified,IndÈterminÈe,61,a,61,a
2007,2007,NT,Northwest Territories,Territoires du Nord-Ouest,Human activity,ActivitÈs humaines,37,a,37,a
2007,2007,NT,Northwest Territories,Territoires du Nord-Ouest,Lightning,Foudre,141,a,141,a
2007,2007,NT,Northwest Territories,Territoires du Nord-Ouest,Unspecified,IndÈterminÈe,6,a,6,a
2007,2007,ON,Ontario,Ontario,Human activity,ActivitÈs humaines,565,a,565,a
2007,2007,ON,Ontario,Ontario,Prescribed burn,Br˚lage dirigÈ,1,a,1,a
2007,2007,ON,Ontario,Ontario,Lightning,Foudre,533,a,533,a
2007,2007,ON,Ontario,Ontario,Unspecified,IndÈterminÈe,30,a,30,a
2007,2007,PE,Prince Edward Island,Œle-du-Prince-…douard,Human activity,ActivitÈs humaines,1,a,1,a
2007,2007,PE,Prince Edward Island,Œle-du-Prince-…douard,Human activity,ActivitÈs humaines,7,a,7,a
2007,2007,PE,Prince Edward Island,Œle-du-Prince-…douard,Lightning,Foudre,0,a,0,a
2007,2007,PE,Prince Edward Island,Œle-du-Prince-…douard,Unspecified,IndÈterminÈe,1,a,1,a
2007,2007,QC,Quebec,QuÈbec,Human activity,ActivitÈs humaines,510,a,510,a
2007,2007,QC,Quebec,QuÈbec,Lightning,Foudre,429,a,429,a
2007,2007,SK,Saskatchewan,Saskatchewan,Human activity,ActivitÈs humaines,239,a,239,a
2007,2007,SK,Saskatchewan,Saskatchewan,Lightning,Foudre,135,a,135,a
2007,2007,YT,Yukon,Yukon,Human activity,ActivitÈs humaines,20,a,20,a
2007,2007,YT,Yukon,Yukon,Lightning,Foudre,91,a,91,a
2008,2008,AB,Alberta,Alberta,Human activity,ActivitÈs humaines,905,a,905,a
2008,2008,AB,Alberta,Alberta,Prescribed burn,Br˚lage dirigÈ,11,a,11,a
2008,2008,AB,Alberta,Alberta,Lightning,Foudre,826,a,826,a
2008,2008,AB,Alberta,Alberta,Reburn,Rebr˚lage,9,a,9,a
2008,2008,AB,Alberta,Alberta,Unspecified,IndÈterminÈe,44,a,44,a
2008,2008,BC,British Columbia,Colombie-Britannique,Human activity,ActivitÈs humaines,869,a,869,a
2008,2008,BC,British Columbia,Colombie-Britannique,Prescribed burn,Br˚lage dirigÈ,2,a,2,a
2008,2008,BC,British Columbia,Colombie-Britannique,Lightning,Foudre,1185,a,1185,a
2008,2008,BC,British Columbia,Colombie-Britannique,Unspecified,IndÈterminÈe,2,a,2,a
2008,2008,MB,Manitoba,Manitoba,Human activity,ActivitÈs humaines,254,a,254,a
2008,2008,MB,Manitoba,Manitoba,Prescribed burn,Br˚lage dirigÈ,1,a,1,a
2008,2008,MB,Manitoba,Manitoba,Lightning,Foudre,143,a,143,a
2008,2008,NB,New Brunswick,Nouveau-Brunswick,Human activity,ActivitÈs humaines,140,a,140,a
2008,2008,NB,New Brunswick,Nouveau-Brunswick,Lightning,Foudre,13,a,13,a
2008,2008,NB,New Brunswick,Nouveau-Brunswick,Unspecified,IndÈterminÈe,15,a,15,a
2008,2008,NL,Newfoundland and Labrador,Terre-Neuve-et-Labrador,Human activity,ActivitÈs humaines,70,a,70,a
2008,2008,NL,Newfoundland and Labrador,Terre-Neuve-et-Labrador,Prescribed burn,Br˚lage dirigÈ,1,a,1,a
2008,2008,NL,Newfoundland and Labrador,Terre-Neuve-et-Labrador,Lightning,Foudre,2,a,2,a
2008,2008,NS,Nova Scotia,Nouvelle-Ecosse,Human activity,ActivitÈs humaines,212,a,212,a
2008,2008,NS,Nova Scotia,Nouvelle-Ecosse,Lightning,Foudre,1,a,1,a
2008,2008,NS,Nova Scotia,Nouvelle-Ecosse,Unspecified,IndÈterminÈe,35,a,35,a
2008,2008,NT,Northwest Territories,Territoires du Nord-Ouest,Human activity,ActivitÈs humaines,21,a,21,a
2008,2008,NT,Northwest Territories,Territoires du Nord-Ouest,Lightning,Foudre,214,a,214,a
2008,2008,NT,Northwest Territories,Territoires du Nord-Ouest,Unspecified,IndÈterminÈe,5,a,5,a
2008,2008,ON,Ontario,Ontario,Human activity,ActivitÈs humaines,204,a,204,a
2008,2008,ON,Ontario,Ontario,Prescribed burn,Br˚lage dirigÈ,1,a,1,a
2008,2008,ON,Ontario,Ontario,Lightning,Foudre,118,a,118,a
2008,2008,ON,Ontario,Ontario,Unspecified,IndÈterminÈe,21,a,21,a
2008,2008,PE,Prince Edward Island,Œle-du-Prince-…douard,Human activity,ActivitÈs humaines,1,a,1,a
2008,2008,PE,Prince Edward Island,Œle-du-Prince-…douard,Unspecified,IndÈterminÈe,1,a,1,a
2008,2008,PE,Prince Edward Island,Œle-du-Prince-…douard,Human activity,ActivitÈs humaines,4,a,4,a
2008,2008,PE,Prince Edward Island,Œle-du-Prince-…douard,Lightning,Foudre,0,a,0,a
2008,2008,PE,Prince Edward Island,Œle-du-Prince-…douard,Unspecified,IndÈterminÈe,0,a,0,a
2008,2008,QC,Quebec,QuÈbec,Human activity,ActivitÈs humaines,188,a,188,a
2008,2008,QC,Quebec,QuÈbec,Prescribed burn,Br˚lage dirigÈ,1,a,1,a
2008,2008,QC,Quebec,QuÈbec,Lightning,Foudre,34,a,34,a
2008,2008,SK,Saskatchewan,Saskatchewan,Human activity,ActivitÈs humaines,319,a,319,a
2008,2008,SK,Saskatchewan,Saskatchewan,Prescribed burn,Br˚lage dirigÈ,6,a,6,a
2008,2008,SK,Saskatchewan,Saskatchewan,Lightning,Foudre,285,a,285,a
2008,2008,YT,Yukon,Yukon,Human activity,ActivitÈs humaines,27,a,27,a
2008,2008,YT,Yukon,Yukon,Lightning,Foudre,49,a,49,a
2009,2009,AB,Alberta,Alberta,Human activity,ActivitÈs humaines,1056,a,1056,a
2009,2009,AB,Alberta,Alberta,Prescribed burn,Br˚lage dirigÈ,13,a,13,a
2009,2009,AB,Alberta,Alberta,Lightning,Foudre,588,a,588,a
2009,2009,AB,Alberta,Alberta,Reburn,Rebr˚lage,9,a,9,a
2009,2009,AB,Alberta,Alberta,Unspecified,IndÈterminÈe,49,a,49,a
2009,2009,BC,British Columbia,Colombie-Britannique,Human activity,ActivitÈs humaines,904,a,904,a
2009,2009,BC,British Columbia,Colombie-Britannique,Prescribed burn,Br˚lage dirigÈ,1,a,1,a
2009,2009,BC,British Columbia,Colombie-Britannique,Lightning,Foudre,2196,a,2196,a
2009,2009,MB,Manitoba,Manitoba,Human activity,ActivitÈs humaines,117,a,117,a
2009,2009,MB,Manitoba,Manitoba,Prescribed burn,Br˚lage dirigÈ,2,a,2,a
2009,2009,MB,Manitoba,Manitoba,Lightning,Foudre,67,a,67,a
2009,2009,NB,New Brunswick,Nouveau-Brunswick,Human activity,ActivitÈs humaines,182,a,182,a
2009,2009,NB,New Brunswick,Nouveau-Brunswick,Lightning,Foudre,2,a,2,a
2009,2009,NB,New Brunswick,Nouveau-Brunswick,Unspecified,IndÈterminÈe,13,a,13,a
2009,2009,NL,Newfoundland and Labrador,Terre-Neuve-et-Labrador,Human activity,ActivitÈs humaines,148,a,148,a
2009,2009,NL,Newfoundland and Labrador,Terre-Neuve-et-Labrador,Prescribed burn,Br˚lage dirigÈ,1,a,1,a
2009,2009,NL,Newfoundland and Labrador,Terre-Neuve-et-Labrador,Lightning,Foudre,2,a,2,a
2009,2009,NS,Nova Scotia,Nouvelle-Ecosse,Human activity,ActivitÈs humaines,161,a,161,a
2009,2009,NS,Nova Scotia,Nouvelle-Ecosse,Prescribed burn,Br˚lage dirigÈ,1,a,1,a
2009,2009,NS,Nova Scotia,Nouvelle-Ecosse,Unspecified,IndÈterminÈe,29,a,29,a
2009,2009,NT,Northwest Territories,Territoires du Nord-Ouest,Human activity,ActivitÈs humaines,15,a,15,a
2009,2009,NT,Northwest Territories,Territoires du Nord-Ouest,Lightning,Foudre,44,a,44,a
2009,2009,NT,Northwest Territories,Territoires du Nord-Ouest,Unspecified,IndÈterminÈe,1,a,1,a
2009,2009,ON,Ontario,Ontario,Human activity,ActivitÈs humaines,251,a,251,a
2009,2009,ON,Ontario,Ontario,Prescribed burn,Br˚lage dirigÈ,1,a,1,a
2009,2009,ON,Ontario,Ontario,Lightning,Foudre,121,a,121,a
2009,2009,ON,Ontario,Ontario,Unspecified,IndÈterminÈe,18,a,18,a
2009,2009,PE,Prince Edward Island,Œle-du-Prince-…douard,Human activity,ActivitÈs humaines,7,a,7,a
2009,2009,PE,Prince Edward Island,Œle-du-Prince-…douard,Lightning,Foudre,0,a,0,a
2009,2009,PE,Prince Edward Island,Œle-du-Prince-…douard,Unspecified,IndÈterminÈe,1,a,1,a
2009,2009,QC,Quebec,QuÈbec,Human activity,ActivitÈs humaines,338,a,338,a
2009,2009,QC,Quebec,QuÈbec,Prescribed burn,Br˚lage dirigÈ,2,a,2,a
2009,2009,QC,Quebec,QuÈbec,Lightning,Foudre,145,a,145,a
2009,2009,SK,Saskatchewan,Saskatchewan,Human activity,ActivitÈs humaines,334,a,334,a
2009,2009,SK,Saskatchewan,Saskatchewan,Prescribed burn,Br˚lage dirigÈ,4,a,4,a
2009,2009,SK,Saskatchewan,Saskatchewan,Lightning,Foudre,202,a,202,a
2009,2009,SK,Saskatchewan,Saskatchewan,Unspecified,IndÈterminÈe,2,a,2,a
2009,2009,YT,Yukon,Yukon,Human activity,ActivitÈs humaines,33,a,33,a
2009,2009,YT,Yukon,Yukon,Lightning,Foudre,85,a,85,a
2010,2010,AB,Alberta,Alberta,Human activity,ActivitÈs humaines,1119,a,1119,a
2010,2010,AB,Alberta,Alberta,Prescribed burn,Br˚lage dirigÈ,3,a,3,a
2010,2010,AB,Alberta,Alberta,Lightning,Foudre,778,a,778,a
2010,2010,AB,Alberta,Alberta,Reburn,Rebr˚lage,12,a,12,a
2010,2010,AB,Alberta,Alberta,Unspecified,IndÈterminÈe,37,a,37,a
2010,2010,BC,British Columbia,Colombie-Britannique,Human activity,ActivitÈs humaines,729,a,729,a
2010,2010,BC,British Columbia,Colombie-Britannique,Prescribed burn,Br˚lage dirigÈ,1,a,1,a
2010,2010,BC,British Columbia,Colombie-Britannique,Lightning,Foudre,1000,a,1000,a
2010,2010,BC,British Columbia,Colombie-Britannique,Unspecified,IndÈterminÈe,1,a,1,a
2010,2010,MB,Manitoba,Manitoba,Human activity,ActivitÈs humaines,248,a,248,a
2010,2010,MB,Manitoba,Manitoba,Prescribed burn,Br˚lage dirigÈ,3,a,3,a
2010,2010,MB,Manitoba,Manitoba,Lightning,Foudre,338,a,338,a
2010,2010,NB,New Brunswick,Nouveau-Brunswick,Human activity,ActivitÈs humaines,143,a,143,a
2010,2010,NB,New Brunswick,Nouveau-Brunswick,Lightning,Foudre,9,a,9,a
2010,2010,NB,New Brunswick,Nouveau-Brunswick,Unspecified,IndÈterminÈe,27,a,27,a
2010,2010,NL,Newfoundland and Labrador,Terre-Neuve-et-Labrador,Human activity,ActivitÈs humaines,42,a,42,a
2010,2010,NL,Newfoundland and Labrador,Terre-Neuve-et-Labrador,Lightning,Foudre,4,a,4,a
2010,2010,NS,Nova Scotia,Nouvelle-Ecosse,Human activity,ActivitÈs humaines,1,a,1,a
2010,2010,NS,Nova Scotia,Nouvelle-Ecosse,Prescribed burn,Br˚lage dirigÈ,1,a,1,a
2010,2010,NS,Nova Scotia,Nouvelle-Ecosse,Unspecified,IndÈterminÈe,248,a,248,a
2010,2010,NT,Northwest Territories,Territoires du Nord-Ouest,Human activity,ActivitÈs humaines,19,a,19,a
2010,2010,NT,Northwest Territories,Territoires du Nord-Ouest,Lightning,Foudre,201,a,201,a
2010,2010,NT,Northwest Territories,Territoires du Nord-Ouest,Unspecified,IndÈterminÈe,4,a,4,a
2010,2010,ON,Ontario,Ontario,Human activity,ActivitÈs humaines,541,a,541,a
2010,2010,ON,Ontario,Ontario,Prescribed burn,Br˚lage dirigÈ,1,a,1,a
2010,2010,ON,Ontario,Ontario,Lightning,Foudre,363,a,363,a
2010,2010,ON,Ontario,Ontario,Unspecified,IndÈterminÈe,28,a,28,a
2010,2010,PE,Prince Edward Island,Œle-du-Prince-…douard,Human activity,ActivitÈs humaines,4,a,4,a
2010,2010,PE,Prince Edward Island,Œle-du-Prince-…douard,Lightning,Foudre,0,a,0,a
2010,2010,PE,Prince Edward Island,Œle-du-Prince-…douard,Unspecified,IndÈterminÈe,0,a,0,a
2010,2010,QC,Quebec,QuÈbec,Human activity,ActivitÈs humaines,497,a,497,a
2010,2010,QC,Quebec,QuÈbec,Prescribed burn,Br˚lage dirigÈ,1,a,1,a
2010,2010,QC,Quebec,QuÈbec,Lightning,Foudre,242,a,242,a
2010,2010,SK,Saskatchewan,Saskatchewan,Human activity,ActivitÈs humaines,233,a,233,a
2010,2010,SK,Saskatchewan,Saskatchewan,Prescribed burn,Br˚lage dirigÈ,4,a,4,a
2010,2010,SK,Saskatchewan,Saskatchewan,Lightning,Foudre,345,a,345,a
2010,2010,YT,Yukon,Yukon,Human activity,ActivitÈs humaines,39,a,39,a
2010,2010,YT,Yukon,Yukon,Lightning,Foudre,50,a,50,a
2011,2011,AB,Alberta,Alberta,Human activity,ActivitÈs humaines,928,a,928,a
2011,2011,AB,Alberta,Alberta,Prescribed burn,Br˚lage dirigÈ,13,a,13,a
2011,2011,AB,Alberta,Alberta,Lightning,Foudre,232,a,232,a
2011,2011,AB,Alberta,Alberta,Reburn,Rebr˚lage,5,a,5,a
2011,2011,AB,Alberta,Alberta,Unspecified,IndÈterminÈe,30,a,30,a
2011,2011,BC,British Columbia,Colombie-Britannique,Human activity,ActivitÈs humaines,470,a,470,a
2011,2011,BC,British Columbia,Colombie-Britannique,Prescribed burn,Br˚lage dirigÈ,3,a,3,a
2011,2011,BC,British Columbia,Colombie-Britannique,Lightning,Foudre,210,a,210,a
2011,2011,BC,British Columbia,Colombie-Britannique,Unspecified,IndÈterminÈe,1,a,1,a
2011,2011,MB,Manitoba,Manitoba,Human activity,ActivitÈs humaines,158,a,158,a
2011,2011,MB,Manitoba,Manitoba,Prescribed burn,Br˚lage dirigÈ,5,a,5,a
2011,2011,MB,Manitoba,Manitoba,Lightning,Foudre,159,a,159,a
2011,2011,MB,Manitoba,Manitoba,Unspecified,IndÈterminÈe,1,a,1,a
2011,2011,NB,New Brunswick,Nouveau-Brunswick,Human activity,ActivitÈs humaines,55,a,55,a
2011,2011,NB,New Brunswick,Nouveau-Brunswick,Lightning,Foudre,4,a,4,a
2011,2011,NB,New Brunswick,Nouveau-Brunswick,Unspecified,IndÈterminÈe,8,a,8,a
2011,2011,NL,Newfoundland and Labrador,Terre-Neuve-et-Labrador,Human activity,ActivitÈs humaines,35,a,35,a
2011,2011,NL,Newfoundland and Labrador,Terre-Neuve-et-Labrador,Unspecified,IndÈterminÈe,7,a,7,a
2011,2011,NS,Nova Scotia,Nouvelle-Ecosse,Unspecified,IndÈterminÈe,114,a,114,a
2011,2011,NT,Northwest Territories,Territoires du Nord-Ouest,Human activity,ActivitÈs humaines,25,a,25,a
2011,2011,NT,Northwest Territories,Territoires du Nord-Ouest,Lightning,Foudre,168,a,168,a
2011,2011,NT,Northwest Territories,Territoires du Nord-Ouest,Unspecified,IndÈterminÈe,8,a,8,a
2011,2011,ON,Ontario,Ontario,Human activity,ActivitÈs humaines,458,a,458,a
2011,2011,ON,Ontario,Ontario,Prescribed burn,Br˚lage dirigÈ,2,a,2,a
2011,2011,ON,Ontario,Ontario,Lightning,Foudre,847,a,847,a
2011,2011,ON,Ontario,Ontario,Unspecified,IndÈterminÈe,33,a,33,a
2011,2011,PE,Prince Edward Island,Œle-du-Prince-…douard,Human activity,ActivitÈs humaines,3,a,3,a
2011,2011,PE,Prince Edward Island,Œle-du-Prince-…douard,Lightning,Foudre,0,a,0,a
2011,2011,PE,Prince Edward Island,Œle-du-Prince-…douard,Unspecified,IndÈterminÈe,1,a,1,a
2011,2011,QC,Quebec,QuÈbec,Human activity,ActivitÈs humaines,232,a,232,a
2011,2011,QC,Quebec,QuÈbec,Prescribed burn,Br˚lage dirigÈ,1,a,1,a
2011,2011,QC,Quebec,QuÈbec,Lightning,Foudre,98,a,98,a
2011,2011,SK,Saskatchewan,Saskatchewan,Human activity,ActivitÈs humaines,241,a,241,a
2011,2011,SK,Saskatchewan,Saskatchewan,Prescribed burn,Br˚lage dirigÈ,1,a,1,a
2011,2011,SK,Saskatchewan,Saskatchewan,Lightning,Foudre,66,a,66,a
2011,2011,YT,Yukon,Yukon,Human activity,ActivitÈs humaines,16,a,16,a
2011,2011,YT,Yukon,Yukon,Lightning,Foudre,40,a,40,a
2012,2012,AB,Alberta,Alberta,Human activity,ActivitÈs humaines,1133,a,1133,a
2012,2012,AB,Alberta,Alberta,Prescribed burn,Br˚lage dirigÈ,1,a,1,a
2012,2012,AB,Alberta,Alberta,Lightning,Foudre,470,a,470,a
2012,2012,AB,Alberta,Alberta,Unspecified,IndÈterminÈe,42,a,42,a
2012,2012,BC,British Columbia,Colombie-Britannique,Human activity,ActivitÈs humaines,705,a,705,a
2012,2012,BC,British Columbia,Colombie-Britannique,Lightning,Foudre,954,a,954,a
2012,2012,MB,Manitoba,Manitoba,Human activity,ActivitÈs humaines,205,a,205,a
2012,2012,MB,Manitoba,Manitoba,Lightning,Foudre,293,a,293,a
2012,2012,MB,Manitoba,Manitoba,Unspecified,IndÈterminÈe,1,a,1,a
2012,2012,NB,New Brunswick,Nouveau-Brunswick,Human activity,ActivitÈs humaines,277,a,277,a
2012,2012,NB,New Brunswick,Nouveau-Brunswick,Lightning,Foudre,6,a,6,a
2012,2012,NB,New Brunswick,Nouveau-Brunswick,Unspecified,IndÈterminÈe,55,a,55,a
2012,2012,NL,Newfoundland and Labrador,Terre-Neuve-et-Labrador,Human activity,ActivitÈs humaines,109,a,109,a
2012,2012,NL,Newfoundland and Labrador,Terre-Neuve-et-Labrador,Lightning,Foudre,2,a,2,a
2012,2012,NL,Newfoundland and Labrador,Terre-Neuve-et-Labrador,Unspecified,IndÈterminÈe,27,a,27,a
2012,2012,NS,Nova Scotia,Nouvelle-Ecosse,Lightning,Foudre,1,a,1,a
2012,2012,NS,Nova Scotia,Nouvelle-Ecosse,Unspecified,IndÈterminÈe,352,a,352,a
2012,2012,NT,Northwest Territories,Territoires du Nord-Ouest,Human activity,ActivitÈs humaines,29,a,29,a
2012,2012,NT,Northwest Territories,Territoires du Nord-Ouest,Lightning,Foudre,253,a,253,a
2012,2012,NT,Northwest Territories,Territoires du Nord-Ouest,Unspecified,IndÈterminÈe,7,a,7,a
2012,2012,ON,Ontario,Ontario,Human activity,ActivitÈs humaines,614,a,614,a
2012,2012,ON,Ontario,Ontario,Prescribed burn,Br˚lage dirigÈ,6,a,6,a
2012,2012,ON,Ontario,Ontario,Lightning,Foudre,985,a,985,a
2012,2012,ON,Ontario,Ontario,Unspecified,IndÈterminÈe,30,a,30,a
2012,2012,PE,Prince Edward Island,Œle-du-Prince-…douard,Human activity,ActivitÈs humaines,7,a,7,a
2012,2012,PE,Prince Edward Island,Œle-du-Prince-…douard,Lightning,Foudre,0,a,0,a
2012,2012,PE,Prince Edward Island,Œle-du-Prince-…douard,Unspecified,IndÈterminÈe,1,a,1,a
2012,2012,QC,Quebec,QuÈbec,Human activity,ActivitÈs humaines,522,a,522,a
2012,2012,QC,Quebec,QuÈbec,Prescribed burn,Br˚lage dirigÈ,2,a,2,a
2012,2012,QC,Quebec,QuÈbec,Lightning,Foudre,274,a,274,a
2012,2012,SK,Saskatchewan,Saskatchewan,Human activity,ActivitÈs humaines,215,a,215,a
2012,2012,SK,Saskatchewan,Saskatchewan,Prescribed burn,Br˚lage dirigÈ,7,a,7,a
2012,2012,SK,Saskatchewan,Saskatchewan,Lightning,Foudre,204,a,204,a
2012,2012,SK,Saskatchewan,Saskatchewan,Unspecified,IndÈterminÈe,2,a,2,a
2012,2012,YT,Yukon,Yukon,Human activity,ActivitÈs humaines,35,a,35,a
2012,2012,YT,Yukon,Yukon,Lightning,Foudre,92,a,92,a
2013,2013,AB,Alberta,Alberta,Human activity,ActivitÈs humaines,892,a,892,a
2013,2013,AB,Alberta,Alberta,Prescribed burn,Br˚lage dirigÈ,7,a,7,a
2013,2013,AB,Alberta,Alberta,Lightning,Foudre,337,a,337,a
2013,2013,AB,Alberta,Alberta,Unspecified,IndÈterminÈe,43,a,43,a
2013,2013,BC,British Columbia,Colombie-Britannique,Human activity,ActivitÈs humaines,572,a,572,a
2013,2013,BC,British Columbia,Colombie-Britannique,Lightning,Foudre,1306,a,1306,a
2013,2013,BC,British Columbia,Colombie-Britannique,Unspecified,IndÈterminÈe,1,a,1,a
2013,2013,MB,Manitoba,Manitoba,Human activity,ActivitÈs humaines,192,a,192,a
2013,2013,MB,Manitoba,Manitoba,Prescribed burn,Br˚lage dirigÈ,2,a,2,a
2013,2013,MB,Manitoba,Manitoba,Lightning,Foudre,302,a,302,a
2013,2013,NB,New Brunswick,Nouveau-Brunswick,Human activity,ActivitÈs humaines,315,a,315,a
2013,2013,NB,New Brunswick,Nouveau-Brunswick,Lightning,Foudre,2,a,2,a
2013,2013,NB,New Brunswick,Nouveau-Brunswick,Unspecified,IndÈterminÈe,36,a,36,a
2013,2013,NL,Newfoundland and Labrador,Terre-Neuve-et-Labrador,Human activity,ActivitÈs humaines,70,a,70,a
2013,2013,NL,Newfoundland and Labrador,Terre-Neuve-et-Labrador,Lightning,Foudre,1,a,1,a
2013,2013,NS,Nova Scotia,Nouvelle-Ecosse,Human activity,ActivitÈs humaines,157,a,157,a
2013,2013,NS,Nova Scotia,Nouvelle-Ecosse,Prescribed burn,Br˚lage dirigÈ,3,a,3,a
2013,2013,NS,Nova Scotia,Nouvelle-Ecosse,Lightning,Foudre,1,a,1,a
2013,2013,NS,Nova Scotia,Nouvelle-Ecosse,Unspecified,IndÈterminÈe,13,a,13,a
2013,2013,NT,Northwest Territories,Territoires du Nord-Ouest,Human activity,ActivitÈs humaines,16,a,16,a
2013,2013,NT,Northwest Territories,Territoires du Nord-Ouest,Lightning,Foudre,241,a,241,a
2013,2013,ON,Ontario,Ontario,Human activity,ActivitÈs humaines,330,a,330,a
2013,2013,ON,Ontario,Ontario,Prescribed burn,Br˚lage dirigÈ,1,a,1,a
2013,2013,ON,Ontario,Ontario,Lightning,Foudre,239,a,239,a
2013,2013,ON,Ontario,Ontario,Unspecified,IndÈterminÈe,12,a,12,a
2013,2013,PE,Prince Edward Island,Œle-du-Prince-…douard,Human activity,ActivitÈs humaines,1,a,1,a
2013,2013,PE,Prince Edward Island,Œle-du-Prince-…douard,Human activity,ActivitÈs humaines,8,a,8,a
2013,2013,PE,Prince Edward Island,Œle-du-Prince-…douard,Lightning,Foudre,0,a,0,a
2013,2013,PE,Prince Edward Island,Œle-du-Prince-…douard,Unspecified,IndÈterminÈe,2,a,2,a
2013,2013,QC,Quebec,QuÈbec,Human activity,ActivitÈs humaines,377,a,377,a
2013,2013,QC,Quebec,QuÈbec,Lightning,Foudre,151,a,151,a
2013,2013,SK,Saskatchewan,Saskatchewan,Human activity,ActivitÈs humaines,281,a,281,a
2013,2013,SK,Saskatchewan,Saskatchewan,Prescribed burn,Br˚lage dirigÈ,7,a,7,a
2013,2013,SK,Saskatchewan,Saskatchewan,Lightning,Foudre,160,a,160,a
2013,2013,SK,Saskatchewan,Saskatchewan,Unspecified,IndÈterminÈe,1,a,1,a
2013,2013,YT,Yukon,Yukon,Human activity,ActivitÈs humaines,21,a,21,a
2013,2013,YT,Yukon,Yukon,Lightning,Foudre,156,a,156,a
2014,2014,AB,Alberta,Alberta,Human activity,ActivitÈs humaines,865,a,865,a
2014,2014,AB,Alberta,Alberta,Prescribed burn,Br˚lage dirigÈ,3,a,3,a
2014,2014,AB,Alberta,Alberta,Lightning,Foudre,609,a,609,a
2014,2014,AB,Alberta,Alberta,Unspecified,IndÈterminÈe,29,a,29,a
2014,2014,BC,British Columbia,Colombie-Britannique,Human activity,ActivitÈs humaines,655,a,655,a
2014,2014,BC,British Columbia,Colombie-Britannique,Prescribed burn,Br˚lage dirigÈ,1,a,1,a
2014,2014,BC,British Columbia,Colombie-Britannique,Lightning,Foudre,820,a,820,a
2014,2014,BC,British Columbia,Colombie-Britannique,Unspecified,IndÈterminÈe,2,a,2,a
2014,2014,MB,Manitoba,Manitoba,Human activity,ActivitÈs humaines,115,a,115,a
2014,2014,MB,Manitoba,Manitoba,Prescribed burn,Br˚lage dirigÈ,1,a,1,a
2014,2014,MB,Manitoba,Manitoba,Lightning,Foudre,130,a,130,a
2014,2014,NB,New Brunswick,Nouveau-Brunswick,Human activity,ActivitÈs humaines,154,a,154,a
2014,2014,NB,New Brunswick,Nouveau-Brunswick,Lightning,Foudre,4,a,4,a
2014,2014,NB,New Brunswick,Nouveau-Brunswick,Unspecified,IndÈterminÈe,22,a,22,a
2014,2014,NL,Newfoundland and Labrador,Terre-Neuve-et-Labrador,Prescribed burn,Br˚lage dirigÈ,1,a,1,a
2014,2014,NL,Newfoundland and Labrador,Terre-Neuve-et-Labrador,Unspecified,IndÈterminÈe,1,a,1,a
2014,2014,NS,Nova Scotia,Nouvelle-Ecosse,Human activity,ActivitÈs humaines,157,a,157,a
2014,2014,NS,Nova Scotia,Nouvelle-Ecosse,Unspecified,IndÈterminÈe,15,a,15,a
2014,2014,NT,Northwest Territories,Territoires du Nord-Ouest,Human activity,ActivitÈs humaines,18,a,18,a
2014,2014,NT,Northwest Territories,Territoires du Nord-Ouest,Lightning,Foudre,370,a,370,a
2014,2014,ON,Ontario,Ontario,Human activity,ActivitÈs humaines,180,a,180,a
2014,2014,ON,Ontario,Ontario,Prescribed burn,Br˚lage dirigÈ,6,a,6,a
2014,2014,ON,Ontario,Ontario,Lightning,Foudre,117,a,117,a
2014,2014,ON,Ontario,Ontario,Unspecified,IndÈterminÈe,6,a,6,a
2014,2014,PE,Prince Edward Island,Œle-du-Prince-…douard,Human activity,ActivitÈs humaines,4,a,4,a
2014,2014,PE,Prince Edward Island,Œle-du-Prince-…douard,Lightning,Foudre,,a,,a
2014,2014,PE,Prince Edward Island,Œle-du-Prince-…douard,Unspecified,IndÈterminÈe,,a,,a
2014,2014,QC,Quebec,QuÈbec,Human activity,ActivitÈs humaines,225,a,225,a
2014,2014,QC,Quebec,QuÈbec,Prescribed burn,Br˚lage dirigÈ,3,a,3,a
2014,2014,QC,Quebec,QuÈbec,Lightning,Foudre,68,a,68,a
2014,2014,SK,Saskatchewan,Saskatchewan,Human activity,ActivitÈs humaines,209,a,209,a
2014,2014,SK,Saskatchewan,Saskatchewan,Prescribed burn,Br˚lage dirigÈ,2,a,2,a
2014,2014,SK,Saskatchewan,Saskatchewan,Lightning,Foudre,194,a,194,a
2014,2014,YT,Yukon,Yukon,Human activity,ActivitÈs humaines,18,a,18,a
2014,2014,YT,Yukon,Yukon,Lightning,Foudre,16,a,16,a
2015,2015,AB,Alberta,Alberta,Human activity,ActivitÈs humaines,1033,a,1033,a
2015,2015,AB,Alberta,Alberta,Prescribed burn,Br˚lage dirigÈ,7,a,7,a
2015,2015,AB,Alberta,Alberta,Lightning,Foudre,829,a,829,a
2015,2015,AB,Alberta,Alberta,Unspecified,IndÈterminÈe,83,a,83,a
2015,2015,BC,British Columbia,Colombie-Britannique,Human activity,ActivitÈs humaines,625,a,625,a
2015,2015,BC,British Columbia,Colombie-Britannique,Prescribed burn,Br˚lage dirigÈ,1,a,1,a
2015,2015,BC,British Columbia,Colombie-Britannique,Lightning,Foudre,1245,a,1245,a
2015,2015,MB,Manitoba,Manitoba,Human activity,ActivitÈs humaines,164,a,164,a
2015,2015,MB,Manitoba,Manitoba,Prescribed burn,Br˚lage dirigÈ,2,a,2,a
2015,2015,MB,Manitoba,Manitoba,Lightning,Foudre,295,a,295,a
2015,2015,MB,Manitoba,Manitoba,Unspecified,IndÈterminÈe,2,a,2,a
2015,2015,NB,New Brunswick,Nouveau-Brunswick,Human activity,ActivitÈs humaines,186,a,186,a
2015,2015,NB,New Brunswick,Nouveau-Brunswick,Lightning,Foudre,8,a,8,a
2015,2015,NB,New Brunswick,Nouveau-Brunswick,Unspecified,IndÈterminÈe,28,a,28,a
2015,2015,NL,Newfoundland and Labrador,Terre-Neuve-et-Labrador,Human activity,ActivitÈs humaines,6,a,6,a
2015,2015,NL,Newfoundland and Labrador,Terre-Neuve-et-Labrador,Prescribed burn,Br˚lage dirigÈ,2,a,2,a
2015,2015,NL,Newfoundland and Labrador,Terre-Neuve-et-Labrador,Lightning,Foudre,19,a,19,a
2015,2015,NS,Nova Scotia,Nouvelle-Ecosse,Human activity,ActivitÈs humaines,236,a,236,a
2015,2015,NS,Nova Scotia,Nouvelle-Ecosse,Prescribed burn,Br˚lage dirigÈ,1,a,1,a
2015,2015,NS,Nova Scotia,Nouvelle-Ecosse,Unspecified,IndÈterminÈe,12,a,12,a
2015,2015,NT,Northwest Territories,Territoires du Nord-Ouest,Human activity,ActivitÈs humaines,16,a,16,a
2015,2015,NT,Northwest Territories,Territoires du Nord-Ouest,Lightning,Foudre,241,a,241,a
2015,2015,ON,Ontario,Ontario,Human activity,ActivitÈs humaines,345,a,345,a
2015,2015,ON,Ontario,Ontario,Prescribed burn,Br˚lage dirigÈ,4,a,4,a
2015,2015,ON,Ontario,Ontario,Lightning,Foudre,319,a,319,a
2015,2015,ON,Ontario,Ontario,Unspecified,IndÈterminÈe,7,a,7,a
2015,2015,PE,Prince Edward Island,Œle-du-Prince-…douard,Human activity,ActivitÈs humaines,5,a,5,a
2015,2015,PE,Prince Edward Island,Œle-du-Prince-…douard,Lightning,Foudre,,a,,a
2015,2015,PE,Prince Edward Island,Œle-du-Prince-…douard,Unspecified,IndÈterminÈe,,a,,a
2015,2015,QC,Quebec,QuÈbec,Human activity,ActivitÈs humaines,340,a,340,a
2015,2015,QC,Quebec,QuÈbec,Prescribed burn,Br˚lage dirigÈ,6,a,6,a
2015,2015,QC,Quebec,QuÈbec,Lightning,Foudre,46,a,46,a
2015,2015,SK,Saskatchewan,Saskatchewan,Human activity,ActivitÈs humaines,344,a,344,a
2015,2015,SK,Saskatchewan,Saskatchewan,Prescribed burn,Br˚lage dirigÈ,7,a,7,a
2015,2015,SK,Saskatchewan,Saskatchewan,Lightning,Foudre,384,a,384,a
2015,2015,YT,Yukon,Yukon,Human activity,ActivitÈs humaines,24,a,24,a
2015,2015,YT,Yukon,Yukon,Lightning,Foudre,162,a,162,a
2016,2016,AB,Alberta,Alberta,Human activity,ActivitÈs humaines,878,a,878,a
2016,2016,AB,Alberta,Alberta,Prescribed burn,Br˚lage dirigÈ,7,a,7,a
2016,2016,AB,Alberta,Alberta,Lightning,Foudre,537,a,537,a
2016,2016,AB,Alberta,Alberta,Unspecified,IndÈterminÈe,63,a,63,a
2016,2016,BC,British Columbia,Colombie-Britannique,Human activity,ActivitÈs humaines,584,a,584,a
2016,2016,BC,British Columbia,Colombie-Britannique,Prescribed burn,Br˚lage dirigÈ,2,a,2,a
2016,2016,BC,British Columbia,Colombie-Britannique,Lightning,Foudre,489,a,489,a
2016,2016,MB,Manitoba,Manitoba,Human activity,ActivitÈs humaines,108,a,108,a
2016,2016,MB,Manitoba,Manitoba,Prescribed burn,Br˚lage dirigÈ,2,a,2,a
2016,2016,MB,Manitoba,Manitoba,Lightning,Foudre,96,a,96,a
2016,2016,MB,Manitoba,Manitoba,Unspecified,IndÈterminÈe,1,a,1,a
2016,2016,NB,New Brunswick,Nouveau-Brunswick,Human activity,ActivitÈs humaines,238,a,238,a
2016,2016,NB,New Brunswick,Nouveau-Brunswick,Lightning,Foudre,13,a,13,a
2016,2016,NB,New Brunswick,Nouveau-Brunswick,Unspecified,IndÈterminÈe,34,a,34,a
2016,2016,NL,Newfoundland and Labrador,Terre-Neuve-et-Labrador,Human activity,ActivitÈs humaines,4,a,4,a
2016,2016,NL,Newfoundland and Labrador,Terre-Neuve-et-Labrador,Prescribed burn,Br˚lage dirigÈ,1,a,1,a
2016,2016,NL,Newfoundland and Labrador,Terre-Neuve-et-Labrador,Lightning,Foudre,13,a,13,a
2016,2016,NS,Nova Scotia,Nouvelle-Ecosse,Human activity,ActivitÈs humaines,246,a,246,a
2016,2016,NS,Nova Scotia,Nouvelle-Ecosse,Prescribed burn,Br˚lage dirigÈ,2,a,2,a
2016,2016,NS,Nova Scotia,Nouvelle-Ecosse,Lightning,Foudre,11,a,11,a
2016,2016,NS,Nova Scotia,Nouvelle-Ecosse,Unspecified,IndÈterminÈe,12,a,12,a
2016,2016,NT,Northwest Territories,Territoires du Nord-Ouest,Human activity,ActivitÈs humaines,17,a,17,a
2016,2016,NT,Northwest Territories,Territoires du Nord-Ouest,Lightning,Foudre,176,a,176,a
2016,2016,ON,Ontario,Ontario,Human activity,ActivitÈs humaines,454,a,454,a
2016,2016,ON,Ontario,Ontario,Prescribed burn,Br˚lage dirigÈ,5,a,5,a
2016,2016,ON,Ontario,Ontario,Lightning,Foudre,174,a,174,a
2016,2016,ON,Ontario,Ontario,Unspecified,IndÈterminÈe,24,a,24,a
2016,2016,PE,Prince Edward Island,Œle-du-Prince-…douard,Human activity,ActivitÈs humaines,8,a,8,a
2016,2016,PE,Prince Edward Island,Œle-du-Prince-…douard,Lightning,Foudre,0,a,0,a
2016,2016,PE,Prince Edward Island,Œle-du-Prince-…douard,Unspecified,IndÈterminÈe,0,a,0,a
2016,2016,QC,Quebec,QuÈbec,Human activity,ActivitÈs humaines,433,a,433,a
2016,2016,QC,Quebec,QuÈbec,Prescribed burn,Br˚lage dirigÈ,3,a,3,a
2016,2016,QC,Quebec,QuÈbec,Lightning,Foudre,171,a,171,a
2016,2016,SK,Saskatchewan,Saskatchewan,Human activity,ActivitÈs humaines,232,a,232,a
2016,2016,SK,Saskatchewan,Saskatchewan,Prescribed burn,Br˚lage dirigÈ,4,a,4,a
2016,2016,SK,Saskatchewan,Saskatchewan,Lightning,Foudre,171,a,171,a
2016,2016,SK,Saskatchewan,Saskatchewan,Unspecified,IndÈterminÈe,1,a,1,a
2016,2016,YT,Yukon,Yukon,Human activity,ActivitÈs humaines,24,a,24,a
2016,2016,YT,Yukon,Yukon,Lightning,Foudre,29,a,29,a
2017,2017,AB,Alberta,Alberta,Human activity,ActivitÈs humaines,834,a,834,a
2017,2017,AB,Alberta,Alberta,Prescribed burn,Br˚lage dirigÈ,3,a,3,a
2017,2017,AB,Alberta,Alberta,Lightning,Foudre,448,a,448,a
2017,2017,AB,Alberta,Alberta,Unspecified,IndÈterminÈe,45,a,45,a
2017,2017,BC,British Columbia,Colombie-Britannique,Human activity,ActivitÈs humaines,574,a,574,a
2017,2017,BC,British Columbia,Colombie-Britannique,Prescribed burn,Br˚lage dirigÈ,1,a,1,a
2017,2017,BC,British Columbia,Colombie-Britannique,Lightning,Foudre,821,a,821,a
2017,2017,BC,British Columbia,Colombie-Britannique,Unspecified,IndÈterminÈe,4,a,4,a
2017,2017,MB,Manitoba,Manitoba,Human activity,ActivitÈs humaines,143,a,143,a
2017,2017,MB,Manitoba,Manitoba,Lightning,Foudre,423,a,423,a
2017,2017,NB,New Brunswick,Nouveau-Brunswick,Human activity,ActivitÈs humaines,182,a,182,a
2017,2017,NB,New Brunswick,Nouveau-Brunswick,Lightning,Foudre,29,a,29,a
2017,2017,NB,New Brunswick,Nouveau-Brunswick,Unspecified,IndÈterminÈe,34,a,34,a
2017,2017,NL,Newfoundland and Labrador,Terre-Neuve-et-Labrador,Human activity,ActivitÈs humaines,78,a,78,a
2017,2017,NL,Newfoundland and Labrador,Terre-Neuve-et-Labrador,Lightning,Foudre,3,a,3,a
2017,2017,NL,Newfoundland and Labrador,Terre-Neuve-et-Labrador,Unspecified,IndÈterminÈe,1,a,1,a
2017,2017,NS,Nova Scotia,Nouvelle-Ecosse,Human activity,ActivitÈs humaines,176,a,176,a
2017,2017,NS,Nova Scotia,Nouvelle-Ecosse,Prescribed burn,Br˚lage dirigÈ,1,a,1,a
2017,2017,NT,Northwest Territories,Territoires du Nord-Ouest,Human activity,ActivitÈs humaines,19,a,19,a
2017,2017,NT,Northwest Territories,Territoires du Nord-Ouest,Lightning,Foudre,249,a,249,a
2017,2017,ON,Ontario,Ontario,Human activity,ActivitÈs humaines,209,a,209,a
2017,2017,ON,Ontario,Ontario,Prescribed burn,Br˚lage dirigÈ,4,a,4,a
2017,2017,ON,Ontario,Ontario,Lightning,Foudre,556,a,556,a
2017,2017,ON,Ontario,Ontario,Unspecified,IndÈterminÈe,12,a,12,a
2017,2017,PE,Prince Edward Island,Œle-du-Prince-…douard,Human activity,ActivitÈs humaines,4,a,4,a
2017,2017,PE,Prince Edward Island,Œle-du-Prince-…douard,Lightning,Foudre,0,a,0,a
2017,2017,PE,Prince Edward Island,Œle-du-Prince-…douard,Unspecified,IndÈterminÈe,0,a,0,a
2017,2017,QC,Quebec,QuÈbec,Human activity,ActivitÈs humaines,236,a,236,a
2017,2017,QC,Quebec,QuÈbec,Prescribed burn,Br˚lage dirigÈ,3,a,3,a
2017,2017,QC,Quebec,QuÈbec,Lightning,Foudre,83,a,83,a
2017,2017,SK,Saskatchewan,Saskatchewan,Human activity,ActivitÈs humaines,195,a,195,a
2017,2017,SK,Saskatchewan,Saskatchewan,Prescribed burn,Br˚lage dirigÈ,4,a,4,a
2017,2017,SK,Saskatchewan,Saskatchewan,Lightning,Foudre,169,a,169,a
2017,2017,YT,Yukon,Yukon,Human activity,ActivitÈs humaines,22,a,22,a
2017,2017,YT,Yukon,Yukon,Lightning,Foudre,93,a,93,a
2018,2018,AB,Alberta,Alberta,Human activity,ActivitÈs humaines,782,a,782,a
2018,2018,AB,Alberta,Alberta,Prescribed burn,Br˚lage dirigÈ,2,a,2,a
2018,2018,AB,Alberta,Alberta,Lightning,Foudre,535,a,535,a
2018,2018,AB,Alberta,Alberta,Unspecified,IndÈterminÈe,63,a,63,a
2018,2018,BC,British Columbia,Colombie-Britannique,Human activity,ActivitÈs humaines,542,a,542,a
2018,2018,BC,British Columbia,Colombie-Britannique,Prescribed burn,Br˚lage dirigÈ,2,a,2,a
2018,2018,BC,British Columbia,Colombie-Britannique,Lightning,Foudre,1557,a,1557,a
2018,2018,BC,British Columbia,Colombie-Britannique,Unspecified,IndÈterminÈe,22,a,22,a
2018,2018,MB,Manitoba,Manitoba,Human activity,ActivitÈs humaines,236,a,236,a
2018,2018,MB,Manitoba,Manitoba,Prescribed burn,Br˚lage dirigÈ,1,a,1,a
2018,2018,MB,Manitoba,Manitoba,Lightning,Foudre,245,a,245,a
2018,2018,MB,Manitoba,Manitoba,Unspecified,IndÈterminÈe,1,a,1,a
2018,2018,NB,New Brunswick,Nouveau-Brunswick,Human activity,ActivitÈs humaines,229,a,229,a
2018,2018,NB,New Brunswick,Nouveau-Brunswick,Lightning,Foudre,19,a,19,a
2018,2018,NB,New Brunswick,Nouveau-Brunswick,Unspecified,IndÈterminÈe,37,a,37,a
2018,2018,NL,Newfoundland and Labrador,Terre-Neuve-et-Labrador,Human activity,ActivitÈs humaines,127,a,127,a
2018,2018,NL,Newfoundland and Labrador,Terre-Neuve-et-Labrador,Lightning,Foudre,4,a,4,a
2018,2018,NL,Newfoundland and Labrador,Terre-Neuve-et-Labrador,Unspecified,IndÈterminÈe,1,a,1,a
2018,2018,NS,Nova Scotia,Nouvelle-Ecosse,Human activity,ActivitÈs humaines,189,a,189,a
2018,2018,NS,Nova Scotia,Nouvelle-Ecosse,Prescribed burn,Br˚lage dirigÈ,1,a,1,a
2018,2018,NS,Nova Scotia,Nouvelle-Ecosse,Lightning,Foudre,4,a,4,a
2018,2018,NS,Nova Scotia,Nouvelle-Ecosse,Unspecified,IndÈterminÈe,2,a,2,a
2018,2018,NT,Northwest Territories,Territoires du Nord-Ouest,Human activity,ActivitÈs humaines,6,a,6,a
2018,2018,NT,Northwest Territories,Territoires du Nord-Ouest,Lightning,Foudre,57,a,57,a
2018,2018,ON,Ontario,Ontario,Human activity,ActivitÈs humaines,378,a,378,a
2018,2018,ON,Ontario,Ontario,Prescribed burn,Br˚lage dirigÈ,6,a,6,a
2018,2018,ON,Ontario,Ontario,Lightning,Foudre,943,a,943,a
2018,2018,ON,Ontario,Ontario,Unspecified,IndÈterminÈe,12,a,12,a
2018,2018,PE,Prince Edward Island,Œle-du-Prince-…douard,Human activity,ActivitÈs humaines,8,a,8,a
2018,2018,QC,Quebec,QuÈbec,Human activity,ActivitÈs humaines,400,a,400,a
2018,2018,QC,Quebec,QuÈbec,Prescribed burn,Br˚lage dirigÈ,2,a,2,a
2018,2018,QC,Quebec,QuÈbec,Lightning,Foudre,194,a,194,a
2018,2018,QC,Quebec,QuÈbec,Unspecified,IndÈterminÈe,1,a,1,a
2018,2018,SK,Saskatchewan,Saskatchewan,Human activity,ActivitÈs humaines,276,a,276,a
2018,2018,SK,Saskatchewan,Saskatchewan,Prescribed burn,Br˚lage dirigÈ,5,a,5,a
2018,2018,SK,Saskatchewan,Saskatchewan,Lightning,Foudre,170,a,170,a
2018,2018,SK,Saskatchewan,Saskatchewan,Unspecified,IndÈterminÈe,1,a,1,a
2018,2018,YT,Yukon,Yukon,Human activity,ActivitÈs humaines,18,a,18,a
2018,2018,YT,Yukon,Yukon,Lightning,Foudre,33,a,33,a
2019,2019,AB,Alberta,Alberta,Human activity,ActivitÈs humaines,728,a,728,a
2019,2019,AB,Alberta,Alberta,Prescribed burn,Br˚lage dirigÈ,2,a,2,a
2019,2019,AB,Alberta,Alberta,Lightning,Foudre,318,a,318,a
2019,2019,AB,Alberta,Alberta,Unspecified,IndÈterminÈe,33,a,33,a
2019,2019,BC,British Columbia,Colombie-Britannique,Human activity,ActivitÈs humaines,360,a,360,a
2019,2019,BC,British Columbia,Colombie-Britannique,Prescribed burn,Br˚lage dirigÈ,2,a,2,a
2019,2019,BC,British Columbia,Colombie-Britannique,Lightning,Foudre,380,a,380,a
2019,2019,BC,British Columbia,Colombie-Britannique,Unspecified,IndÈterminÈe,101,a,101,a
2019,2019,MB,Manitoba,Manitoba,Human activity,ActivitÈs humaines,149,a,149,a
2019,2019,MB,Manitoba,Manitoba,Prescribed burn,Br˚lage dirigÈ,1,a,1,a
2019,2019,MB,Manitoba,Manitoba,Lightning,Foudre,133,a,133,a
2019,2019,MB,Manitoba,Manitoba,Unspecified,IndÈterminÈe,1,a,1,a
2019,2019,NB,New Brunswick,Nouveau-Brunswick,Human activity,ActivitÈs humaines,152,a,152,a
2019,2019,NB,New Brunswick,Nouveau-Brunswick,Lightning,Foudre,14,a,14,a
2019,2019,NB,New Brunswick,Nouveau-Brunswick,Unspecified,IndÈterminÈe,17,a,17,a
2019,2019,NL,Newfoundland and Labrador,Terre-Neuve-et-Labrador,Human activity,ActivitÈs humaines,89,a,89,a
2019,2019,NL,Newfoundland and Labrador,Terre-Neuve-et-Labrador,Lightning,Foudre,10,a,10,a
2019,2019,NS,Nova Scotia,Nouvelle-Ecosse,Human activity,ActivitÈs humaines,137,a,137,a
2019,2019,NS,Nova Scotia,Nouvelle-Ecosse,Lightning,Foudre,2,a,2,a
2019,2019,NS,Nova Scotia,Nouvelle-Ecosse,Unspecified,IndÈterminÈe,4,a,4,a
2019,2019,NT,Northwest Territories,Territoires du Nord-Ouest,Human activity,ActivitÈs humaines,20,a,20,a
2019,2019,NT,Northwest Territories,Territoires du Nord-Ouest,Lightning,Foudre,126,a,126,a
2019,2019,NT,Northwest Territories,Territoires du Nord-Ouest,Unspecified,IndÈterminÈe,1,a,1,a
2019,2019,ON,Ontario,Ontario,Human activity,ActivitÈs humaines,278,a,278,a
2019,2019,ON,Ontario,Ontario,Prescribed burn,Br˚lage dirigÈ,2,a,2,a
2019,2019,ON,Ontario,Ontario,Lightning,Foudre,255,a,255,a
2019,2019,ON,Ontario,Ontario,Unspecified,IndÈterminÈe,6,a,6,a
2019,2019,PE,Prince Edward Island,Œle-du-Prince-…douard,Human activity,ActivitÈs humaines,3,a,3,a
2019,2019,QC,Quebec,QuÈbec,Human activity,ActivitÈs humaines,276,a,276,a
2019,2019,QC,Quebec,QuÈbec,Prescribed burn,Br˚lage dirigÈ,5,a,5,a
2019,2019,QC,Quebec,QuÈbec,Lightning,Foudre,81,a,81,a
2019,2019,SK,Saskatchewan,Saskatchewan,Human activity,ActivitÈs humaines,178,a,178,a
2019,2019,SK,Saskatchewan,Saskatchewan,Lightning,Foudre,73,a,73,a
2019,2019,SK,Saskatchewan,Saskatchewan,Unspecified,IndÈterminÈe,7,a,7,a
2019,2019,YT,Yukon,Yukon,Human activity,ActivitÈs humaines,33,a,33,a
2019,2019,YT,Yukon,Yukon,Lightning,Foudre,85,a,85,a
2020,2020,AB,Alberta,Alberta,Human activity,ActivitÈs humaines,681,a,681,a
2020,2020,AB,Alberta,Alberta,Prescribed burn,Br˚lage dirigÈ,2,a,2,a
2020,2020,AB,Alberta,Alberta,Lightning,Foudre,89,a,89,a
2020,2020,AB,Alberta,Alberta,Unspecified,IndÈterminÈe,28,a,28,a
2020,2020,BC,British Columbia,Colombie-Britannique,Human activity,ActivitÈs humaines,369,a,369,a
2020,2020,BC,British Columbia,Colombie-Britannique,Prescribed burn,Br˚lage dirigÈ,2,a,2,a
2020,2020,BC,British Columbia,Colombie-Britannique,Lightning,Foudre,277,a,277,a
2020,2020,BC,British Columbia,Colombie-Britannique,Unspecified,IndÈterminÈe,36,a,36,a
2020,2020,MB,Manitoba,Manitoba,Human activity,ActivitÈs humaines,81,a,81,a
2020,2020,MB,Manitoba,Manitoba,Lightning,Foudre,74,a,74,a
2020,2020,NB,New Brunswick,Nouveau-Brunswick,Human activity,ActivitÈs humaines,386,a,386,a
2020,2020,NB,New Brunswick,Nouveau-Brunswick,Lightning,Foudre,28,a,28,a
2020,2020,NB,New Brunswick,Nouveau-Brunswick,Unspecified,IndÈterminÈe,52,a,52,a
2020,2020,NL,Newfoundland and Labrador,Terre-Neuve-et-Labrador,Human activity,ActivitÈs humaines,72,a,72,a
2020,2020,NL,Newfoundland and Labrador,Terre-Neuve-et-Labrador,Lightning,Foudre,24,a,24,a
2020,2020,NL,Newfoundland and Labrador,Terre-Neuve-et-Labrador,Unspecified,IndÈterminÈe,1,a,1,a
2020,2020,NS,Nova Scotia,Nouvelle-Ecosse,Human activity,ActivitÈs humaines,161,a,161,a
2020,2020,NS,Nova Scotia,Nouvelle-Ecosse,Lightning,Foudre,16,a,16,a
2020,2020,NS,Nova Scotia,Nouvelle-Ecosse,Unspecified,IndÈterminÈe,1,a,1,a
2020,2020,NT,Northwest Territories,Territoires du Nord-Ouest,Human activity,ActivitÈs humaines,19,a,19,a
2020,2020,NT,Northwest Territories,Territoires du Nord-Ouest,Lightning,Foudre,51,a,51,a
2020,2020,ON,Ontario,Ontario,Human activity,ActivitÈs humaines,231,a,231,a
2020,2020,ON,Ontario,Ontario,Prescribed burn,Br˚lage dirigÈ,2,a,2,a
2020,2020,ON,Ontario,Ontario,Lightning,Foudre,368,a,368,a
2020,2020,ON,Ontario,Ontario,Unspecified,IndÈterminÈe,13,a,13,a
2020,2020,QC,Quebec,QuÈbec,Human activity,ActivitÈs humaines,572,a,572,a
2020,2020,QC,Quebec,QuÈbec,Prescribed burn,Br˚lage dirigÈ,2,a,2,a
2020,2020,QC,Quebec,QuÈbec,Lightning,Foudre,138,a,138,a
2020,2020,SK,Saskatchewan,Saskatchewan,Human activity,ActivitÈs humaines,136,a,136,a
2020,2020,SK,Saskatchewan,Saskatchewan,Lightning,Foudre,24,a,24,a
2020,2020,SK,Saskatchewan,Saskatchewan,Unspecified,IndÈterminÈe,41,a,41,a
2020,2020,YT,Yukon,Yukon,Human activity,ActivitÈs humaines,11,a,11,a
2020,2020,YT,Yukon,Yukon,Lightning,Foudre,13,a,13,a
2021,2021,AB,Alberta,Alberta,Unspecified,IndÈterminÈe,1342,e,1342,e
2021,2021,BC,British Columbia,Colombie-Britannique,Unspecified,IndÈterminÈe,1635,e,1635,e
2021,2021,MB,Manitoba,Manitoba,Unspecified,IndÈterminÈe,460,e,460,e
2021,2021,NB,New Brunswick,Nouveau-Brunswick,Unspecified,IndÈterminÈe,180,e,180,e
2021,2021,NL,Newfoundland and Labrador,Terre-Neuve-et-Labrador,Unspecified,IndÈterminÈe,82,e,82,e
2021,2021,NS,Nova Scotia,Nouvelle-Ecosse,Unspecified,IndÈterminÈe,113,e,113,e
2021,2021,NT,Northwest Territories,Territoires du Nord-Ouest,Unspecified,IndÈterminÈe,140,e,140,e
2021,2021,ON,Ontario,Ontario,Unspecified,IndÈterminÈe,1198,e,1198,e
2021,2021,PC,Parks Canada,Parcs Canada,Unspecified,IndÈterminÈe,73,e,73,e
2021,2021,PE,Prince Edward Island,Œle-du-Prince-…douard,Unspecified,IndÈterminÈe,1,e,1,e
2021,2021,QC,Quebec,QuÈbec,Unspecified,IndÈterminÈe,625,e,625,e
2021,2021,SK,Saskatchewan,Saskatchewan,Unspecified,IndÈterminÈe,635,e,635,e
2021,2021,YT,Yukon,Yukon,Unspecified,IndÈterminÈe,112,e,112,e